From South Africa to New York, Rapper Nasty C Is Making a Global Impact	JULY 20, 2020	https://newsroom.spotify.com/2020-07-20/from-south-africa-to-new-york-rapper-nasty-c-is-making-a-global-impact/
Spotify’s RADAR Program Launches Second US Artist, J.I The Prince of N.Y Alongside New Content	JULY 15, 2020	https://newsroom.spotify.com/2020-07-15/spotifys-radar-program-launches-second-us-artist-j-i-the-prince-of-n-y-alongside-new-content/
New Podcast Goes Behind the Scenes With One of America’s Favorite TV Shows: ‘The Office’	JULY 14, 2020	https://newsroom.spotify.com/2020-07-14/new-podcast-goes-behind-the-scenes-with-one-of-americas-favorite-tv-shows-the-office/
Head of Songwriter and Publishing Relations Jules Parker Explains How Spotify Is Bringing Behind-the-Scenes Creators Into the Spotlight	JULY 8, 2020	https://newsroom.spotify.com/2020-07-08/head-of-songwriter-and-publishing-relations-jules-parker-explains-how-spotify-is-bringing-behind-the-scenes-creators-into-the-spotlight/
Harry Pinero and Henrie Celebrate Black Music and Culture on the Latest Season of “Who We Be TALKS_”	JULY 8, 2020	https://newsroom.spotify.com/2020-07-08/harry-pinero-and-henrie-celebrate-black-music-and-culture-on-the-latest-season-of-who-we-be-talks_/
Revamp Your Fitness Routine With Soundtrack Your Workout	JULY 8, 2020	https://newsroom.spotify.com/2020-07-08/revamp-your-fitness-routine-with-soundtrack-your-workout/
Nuseir Yassin of ‘Nas Daily’ Announces New Spotify Original Podcast ‘Nas Talks’	JULY 7, 2020	https://newsroom.spotify.com/2020-07-07/nuseir-yassin-of-nas-daily-announces-new-spotify-original-podcast-nas-talks/
Harry Pinero and Henrie Celebrate Black Music and Culture on the Latest Season of “Who We Be TALKS_”	JULY 8, 2020	https://newsroom.spotify.com/2020-07-08/harry-pinero-and-henrie-celebrate-black-music-and-culture-on-the-latest-season-of-who-we-be-talks_/
Revamp Your Fitness Routine With Soundtrack Your Workout	JULY 8, 2020	https://newsroom.spotify.com/2020-07-08/revamp-your-fitness-routine-with-soundtrack-your-workout/
Nuseir Yassin of ‘Nas Daily’ Announces New Spotify Original Podcast ‘Nas Talks’	JULY 7, 2020	https://newsroom.spotify.com/2020-07-07/nuseir-yassin-of-nas-daily-announces-new-spotify-original-podcast-nas-talks/
India’s Sanjeeta Bhattacharya Dabbles Freely Across Styles	JULY 2, 2020	https://newsroom.spotify.com/2020-07-02/indias-sanjeeta-bhattacharya-dabbles-freely-across-styles/
New Spotify Premium Duo Subscription Plan Launches in 55 Markets	JULY 1, 2020	https://newsroom.spotify.com/2020-07-01/new-spotify-premium-duo-subscription-plan-launches-in-55-markets/
Take a Dive Into Retro Bollywood With Our Groovy Quiz	JULY 1, 2020	https://newsroom.spotify.com/2020-07-01/take-a-dive-into-retro-bollywood-with-our-groovy-quiz/
‘Stranger Things’ Revived the Rock Star Soundtrack Composer in Kyle Dixon and Michael Stein	JUNE 25, 2020	https://newsroom.spotify.com/2020-06-25/stranger-things-revived-the-rock-star-soundtrack-composer-in-kyle-dixon-and-michael-stein/
Composer Terence Blanchard Riffs on Music in Spike Lee Movies, from ‘Do the Right Thing’ to His Latest Joint, ‘Da 5 Bloods’	JUNE 23, 2020	https://newsroom.spotify.com/2020-06-23/composer-terence-blanchard-riffs-on-music-in-spike-lee-movies-from-do-the-right-thing-to-his-latest-joint-da-5-bloods/
Our 2020 Songs of Summer Predictions Have Arrived Along With Your Summer Rewind	JUNE 23, 2020	https://newsroom.spotify.com/2020-06-23/our-2020-songs-of-summer-predictions-have-arrived-along-with-your-summer-rewind/
Spotify Japan Launches New Original Podcast With Influencer kemio	JUNE 18, 2020	https://newsroom.spotify.com/2020-06-18/spotify-japan-launches-new-original-podcast-with-influencer-kemio/
Warner Bros Is Bringing the DC Super Heroes and Super Villains to Spotify as an Exclusive Series of Podcasts	JUNE 18, 2020	https://newsroom.spotify.com/2020-06-18/warner-bros-is-bringing-the-dc-super-heroes-and-super-villains-to-spotify-as-an-exclusive-series-of-podcasts/
Seven Years With Spotify Connect, Your Ultimate Listening Remote	JUNE 18, 2020	https://newsroom.spotify.com/2020-06-18/seven-years-with-spotify-connect-your-ultimate-listening-remote/
New Zealand’s CHAII Brings Persian Flair to Hip-Hop	JUNE 17, 2020	https://newsroom.spotify.com/2020-06-17/new-zealands-chaii-brings-persian-flair-to-hip-hop/
In ‘Search Engine Sex’ Podcast, Rowdie Walden Wants to Answer Your Questions	JUNE 17, 2020	https://newsroom.spotify.com/2020-06-17/in-search-engine-sex-podcast-rowdie-walden-wants-to-answer-your-questions/
This June, Celebrate Black Creators of Past and Present on Spotify	JUNE 16, 2020	https://newsroom.spotify.com/2020-06-16/this-june-celebrate-black-creators-of-past-and-present-on-spotify/
German News Anchor Linda Zervakis Celebrates Diversity in Her New Spotify Original Podcast, ‘Linda Zervakis präsentiert: Gute Deutsche’	JUNE 15, 2020	https://newsroom.spotify.com/2020-06-15/german-news-anchor-linda-zervakis-celebrates-diversity-in-her-new-spotify-original-podcast-linda-zervakis-prasentiert-gute-deutsche/
La estrella del Regional Mexicano combina su estilo mariacheño con la música country	JUNE 12, 2020	https://newsroom.spotify.com/2020-06-12/la-estrella-del-regional-mexicano-combina-su-estilo-mariacheno-con-la-musica-country/
Regional Mexican Star Christian Nodal Blends His Mariacheño Style with Country Music	JUNE 12, 2020	https://newsroom.spotify.com/2020-06-12/regional-mexican-star-christian-nodal-blends-his-mariacheno-style-with-country-music/
Spotify Celebrates LGBTQIA+ Creators and Fans With Our 2020 Pride Campaign	JUNE 3, 2020	https://newsroom.spotify.com/2020-06-03/spotify-celebrates-lgbtqia-creators-and-fans-with-our-2020-pride-campaign/
Spotify Stands With the Black Community in the Fight Against Racism and Injustice	JUNE 1, 2020	https://newsroom.spotify.com/2020-06-01/spotify-stands-with-the-black-community-in-the-fight-against-racism-and-injustice/
Spotify Supports Underrepresented Podcasters With ‘Sound Up,’ Now in the US, UK and Ireland, Germany, Australia, Sweden, and Brazil	JUNE 1, 2020	https://newsroom.spotify.com/2020-06-01/spotify-supports-underrepresented-podcasters-with-sound-up-now-in-the-us-uk-and-ireland-germany-australia-sweden-and-brazil/
Spotify Launches the Official ‘Normal People’ Soundtrack	MAY 28, 2020	https://newsroom.spotify.com/2020-05-28/spotify-launches-the-official-normal-people-soundtrack/
How We’re Answering Users’ Questions With New ‘Tips and Tricks’ Initiative	MAY 28, 2020	https://newsroom.spotify.com/2020-05-28/how-were-answering-users-questions-with-new-tips-tricks-initiative/
From Life Hacks to Light Humor, Check Out the Nine Indonesian Podcasts Coming Exclusively to Spotify	MAY 28, 2020	https://newsroom.spotify.com/2020-05-28/from-life-hacks-to-light-humor-check-out-the-nine-indonesian-podcasts-coming-exclusively-to-spotify/
Agnes Nunes Is Brazil’s New Go-To Collaborator	MAY 27, 2020	https://newsroom.spotify.com/2020-05-27/agnes-nunes-is-brazils-new-go-to-collaborator/
How At-Home Activities Are Inspiring New Playlists	MAY 27, 2020	https://newsroom.spotify.com/2020-05-27/how-at-home-activities-are-inspiring-new-playlists/
Meet Lous and the Yakuza, the Belgian Artist Who Can Sing in Any Language	MAY 22, 2020	https://newsroom.spotify.com/2020-05-22/meet-lous-and-the-yakuza-the-belgian-artist-who-can-sing-in-any-language/
Explore the Mysterious Life of a Former King in Spotify’s New Podcast, ‘XREY’	MAY 20, 2020	https://newsroom.spotify.com/2020-05-20/explore-the-mysterious-life-of-a-former-king-in-spotifys-new-podcast-xrey/
‘The Joe Rogan Experience’ Launches Exclusive Partnership with Spotify	MAY 19, 2020	https://newsroom.spotify.com/2020-05-19/the-joe-rogan-experience-launches-exclusive-partnership-with-spotify/
After 7 Years of Breaking Boundaries, Spotify’s Baila Reggaeton Playlist Hits 10 Million Followers	MAY 14, 2020	https://newsroom.spotify.com/2020-05-14/after-7-years-of-breaking-boundaries-spotifys-baila-reggaeton-playlist-hits-10-million-followers/
Spotify’s NYC-Focused Content Hub Gives the Concrete Jungle Its Spotlight	MAY 14, 2020	https://newsroom.spotify.com/2020-05-14/spotifys-nyc-focused-content-hub-gives-the-concrete-jungle-its-spotlight/
Spotify Premium Is Sweeter Than Ever With Our Newest Limited-Time Offer	MAY 14, 2020	https://newsroom.spotify.com/2020-05-14/spotify-premium-is-sweeter-than-ever-with-our-newest-limited-time-offer/
Spotify Kids Now Has Two New Features That Let You See and Customize What Your Children Listen To	MAY 12, 2020	https://newsroom.spotify.com/2020-05-12/spotify-kids-now-has-two-new-features-that-let-you-see-and-customize-what-your-children-listen-to/
Cold War Propaganda Meets Music Icons on New Investigative Podcast ‘Wind of Change’	MAY 12, 2020	https://newsroom.spotify.com/2020-05-12/cold-war-propaganda-meets-music-icons-on-new-investigative-podcast-wind-of-change/
It’s RapCaviar’s Fifth Anniversary—Celebrate by Testing Your Hip-Hop Knowledge	MAY 11, 2020	https://newsroom.spotify.com/2020-05-11/its-rapcaviars-fifth-anniversary-celebrate-by-testing-your-hip-hop-knowledge/
From Family Time to Me Time, Here’s How Moms Say They’re Using Music and Podcasts	MAY 8, 2020	https://newsroom.spotify.com/2020-05-08/from-family-time-to-me-time-heres-how-moms-say-theyre-using-music-and-podcasts/
What’s New This Week in Spotify Podcasts	MAY 7, 2020	https://newsroom.spotify.com/2020-05-07/whats-new-this-week-in-spotify-podcasts-11/
Audio Connects Us All in Spotify’s Newest Campaign, ‘Listening Together’	MAY 7, 2020	https://newsroom.spotify.com/2020-05-07/audio-connects-us-all-in-spotifys-newest-campaign-listening-together/
‘Mogul’s’ Brandon Jenkins Pivots Into Hip-Hop Nostalgia With ‘Mogul Mixtapes’ Podcast	MAY 6, 2020	https://newsroom.spotify.com/2020-05-06/moguls-brandon-jenkins-pivots-into-hip-hop-nostalgia-with-mogul-mixtapes-podcast/
Stars from the Wizarding World and Beyond Bring ‘Harry Potter and the Sorcerer’s/Philosopher’s Stone’ to Spotify	MAY 5, 2020	https://newsroom.spotify.com/2020-05-05/stars-from-the-wizarding-world-and-beyond-bring-harry-potter-and-the-sorcerers-philosophers-stone-to-spotify/
Australian Newcomer Merci, Mercy Discusses Her Big Break	MAY 4, 2020	https://newsroom.spotify.com/2020-05-04/australian-newcomer-merci-mercy-discusses-her-big-break/
Spotify Launches New Campaign to Celebrate Asian American & Pacific Islander Heritage Month	MAY 4, 2020	https://newsroom.spotify.com/2020-05-04/spotify-launches-new-campaign-to-celebrate-asian-american-pacific-islander-heritage-month/
A Close Look at India’s Love for International Pop	MAY 4, 2020	https://newsroom.spotify.com/2020-05-04/a-close-look-at-indias-love-for-international-pop/
What’s New This Week in Spotify Podcasts	MAY 1, 2020	https://newsroom.spotify.com/2020-05-01/whats-new-this-week-in-spotify-podcasts-10/
Spotify Reports First Quarter 2020 Earnings	APRIL 29, 2020	https://newsroom.spotify.com/2020-04-29/spotify-reports-first-quarter-2020-earnings/
‘This American Life’—Now Streaming on Spotify	APRIL 28, 2020	https://newsroom.spotify.com/2020-04-28/this-american-life-now-streaming-on-spotify/
Daily Wellness: A New Mix of Motivational Podcasts and Personalized Music	APRIL 27, 2020	https://newsroom.spotify.com/2020-04-27/daily-wellness-a-new-mix-of-motivational-podcasts-and-personalized-music/
Uncover the Best Artists of the Nordics on Oyster, Spotify’s New Playlist and Studio Program	APRIL 24, 2020	https://newsroom.spotify.com/2020-04-24/uncover-the-best-artists-of-the-nordics-on-oyster-spotifys-new-playlist-and-studio-program/
Beyoncé’s ‘Lemonade’ Gets a Fresh Take on Season 6 of Spotify’s ‘Dissect’ Podcast	APRIL 23, 2020	https://newsroom.spotify.com/2020-04-23/beyonces-lemonade-gets-a-fresh-take-on-season-6-of-spotifys-dissect-podcast/
What Gamers Are Streaming on Spotify	APRIL 23, 2020	https://newsroom.spotify.com/2020-04-23/what-gamers-are-streaming-on-spotify/
Spotify’s New Podcast Playlists Will Help You Discover Your Next Obsession	APRIL 21, 2020	https://newsroom.spotify.com/2020-04-21/spotifys-new-podcast-playlists-will-help-you-discover-your-next-obsession/
Meet Manal, the Moroccan Artist Changing the Game	APRIL 20, 2020	https://newsroom.spotify.com/2020-04-20/meet-manal-the-moroccan-artist-changing-the-game/
What’s New This Week in Spotify Podcasts	APRIL 17, 2020	https://newsroom.spotify.com/2020-04-17/whats-new-this-week-in-spotify-podcasts-9/
How to Stream Spotify From Your Xbox, PlayStation, or Discord	APRIL 16, 2020	https://newsroom.spotify.com/2020-04-16/how-to-stream-spotify-from-your-xbox-playstation-or-discord/
Comedian Rachel Feinstein Dishes on the Latest Season of ‘Amy Schumer Presents: 3 Girls, 1 Keith’	APRIL 15, 2020	https://newsroom.spotify.com/2020-04-15/comedian-rachel-feinstein-dishes-on-the-latest-season-of-amy-schumer-presents-3-girls-1-keith/
A New Wave of Gospel Washes Over Brazil	APRIL 15, 2020	https://newsroom.spotify.com/2020-04-15/a-new-wave-of-gospel-washes-over-brazil/
Spotify Listeners Are Getting Nostalgic: Behavioral Science Writer David DiSalvo and Cyndi Lauper Share Why	APRIL 14, 2020	https://newsroom.spotify.com/2020-04-14/spotify-listeners-are-getting-nostalgic-behavioral-science-writer-david-disalvo-and-cyndi-lauper-share-why/
From Egyptian Pop to Indian Bollywood, R3HAB Tastes the World’s Many Sonic Flavors	APRIL 7, 2020	https://newsroom.spotify.com/2020-04-07/from-egyptian-pop-to-indian-bollywood-r3hab-tastes-the-worlds-many-sonic-flavors/
How ‘Joker’ Composer Hildur Guðnadóttir Ventured From Iceland’s Underground to Hollywood’s Red Carpet	APRIL 6, 2020	https://newsroom.spotify.com/2020-04-06/how-joker-composer-hildur-gudnadottir-ventured-from-icelands-underground-to-hollywoods-red-carpet/
What’s New This Week in Spotify Podcasts	APRIL 3, 2020	https://newsroom.spotify.com/2020-04-03/whats-new-this-week-in-spotify-podcasts-8/
Want to Start a Podcast? Hear How From Anchor Podcasters	APRIL 2, 2020	https://newsroom.spotify.com/2020-04-02/want-to-start-a-podcast-hear-how-from-anchor-podcasters/
Swedish Pop Star Tove Lo Kicks Off New Nordic Spotify Studio Program With Veronica Maggio Cover	APRIL 1, 2020	https://newsroom.spotify.com/2020-04-01/swedish-pop-star-tove-lo-kicks-off-new-nordic-spotify-studio-program-with-veronica-maggio-cover/
Country’s Storied Roots Meets Contemporary Talent in Spotify’s Latest Playlist, Indigo	MARCH 31, 2020	https://newsroom.spotify.com/2020-03-31/countrys-storied-roots-meets-contemporary-talent-in-spotifys-latest-playlist-indigo/
Spotify Kids Is Now Available in the U.S., Canada, and France	MARCH 31, 2020	https://newsroom.spotify.com/2020-03-31/spotify-kids-is-now-available-in-the-u-s-canada-and-france/
Meet Alaina Castillo — Bilingual Singer-Songwriter and Featured U.S. RADAR Artist	MARCH 30, 2020	https://newsroom.spotify.com/2020-03-30/meet-alaina-castillo-bilingual-singer-songwriter-and-featured-u-s-radar-artist/
How Social Distancing Has Shifted Spotify Streaming	MARCH 30, 2020	https://newsroom.spotify.com/2020-03-30/how-social-distancing-has-shifted-spotify-streaming/
What’s New This Week in Spotify Podcasts	MARCH 27, 2020	https://newsroom.spotify.com/2020-03-27/whats-new-this-week-in-spotify-podcasts-7/
Here’s What Parents Around the World Have Been Playing for Their Kids at Home	MARCH 27, 2020	https://newsroom.spotify.com/2020-03-27/heres-what-parents-around-the-world-have-been-playing-for-their-kids-at-home/
How Spotify Is Addressing COVID-19, On-Platform and Off	MARCH 25, 2020	https://newsroom.spotify.com/2020-03-25/how-spotify-is-addressing-covid-19-on-platform-and-off/
NASA Astronaut Christina Koch Shares How Music and Podcasts Made Groundbreaking Trip Extra-Stellar	MARCH 23, 2020	https://newsroom.spotify.com/2020-03-23/nasa-astronaut-christina-koch-shares-how-music-and-podcasts-made-groundbreaking-trip-extra-stellar/
What’s New This Week in Spotify Podcasts	MARCH 20, 2020	https://newsroom.spotify.com/2020-03-20/whats-new-this-week-in-spotify-podcasts-6/
What’s New This Week in Spotify Podcasts	MARCH 13, 2020	https://newsroom.spotify.com/2020-03-13/whats-new-this-week-in-spotify-podcasts-5/
‘Cheer’s’ Monica Aldama and Andy Cosferent Take Us to the Mat and Behind the Music	MARCH 12, 2020	https://newsroom.spotify.com/2020-03-12/cheers-monica-aldama-and-andy-cosferent-take-us-to-the-mat-and-behind-the-music/
“Own It,” Says Diane von Furstenberg, Host of Spotify’s New ‘InCharge with DVF’ Podcast	MARCH 12, 2020	https://newsroom.spotify.com/2020-03-12/own-it-says-diane-von-furstenberg-host-of-spotifys-new-incharge-with-dvf-podcast/
How to Customize and Share Your Spotify Profile	MARCH 10, 2020	https://newsroom.spotify.com/2020-03-10/how-to-customize-and-share-your-spotify-profile/
36 New Artists Around the World That Are on Spotify’s RADAR	MARCH 9, 2020	https://newsroom.spotify.com/2020-03-09/36-new-artists-around-the-world-that-are-on-spotifys-radar/
Get to Your Favorites Faster with Spotify’s New Home Screen	MARCH 9, 2020	https://newsroom.spotify.com/2020-03-09/get-to-your-favorites-faster-with-spotifys-new-home-screen/
What’s New This Week in Spotify Podcasts	MARCH 6, 2020	https://newsroom.spotify.com/2020-03-06/whats-new-this-week-in-spotify-podcasts-4/
This International Women’s Day, Stream the Top Female Voices on Spotify	MARCH 4, 2020	https://newsroom.spotify.com/2020-03-04/this-international-womens-day-stream-the-top-female-voices-on-spotify/
Spotify Premium and Chase Are Teaming Up to Help You Get More	MARCH 2, 2020	https://newsroom.spotify.com/2020-03-02/spotify-premium-and-chase-are-teaming-up-to-help-you-get-more/
What’s New This Week in Spotify Podcasts	FEBRUARY 28, 2020	https://newsroom.spotify.com/2020-02-28/whats-new-this-week-in-spotify-podcasts-3/
From Three New Podcasts to Sound Up 2020, Here’s What’s New on the Podcast Front in Australia	FEBRUARY 27, 2020	https://newsroom.spotify.com/2020-02-27/from-three-new-podcasts-to-sound-up-2020-heres-whats-new-on-the-podcast-front-in-australia/
Spotify’s Sound Up Australia—Amplifying First Nations Voices for a Second Year	FEBRUARY 27, 2020	https://newsroom.spotify.com/2020-02-27/spotifys-sound-up-australia-amplifying-first-nations-voices-for-a-second-year/
3 Icons to Know in Spotify Mobile’s Refreshing New Look	FEBRUARY 27, 2020	https://newsroom.spotify.com/2020-02-27/3-icons-to-know-in-spotify-mobiles-refreshing-new-look/
3 Major Streaming Trends from Spotify’s First Year in India	FEBRUARY 27, 2020	https://newsroom.spotify.com/2020-02-27/3-major-streaming-trends-from-spotifys-first-year-in-india/
Céline Dion on Her New Album, ‘Courage,’ and How She Chose the Songs for Her Spotify Singles	FEBRUARY 26, 2020	https://newsroom.spotify.com/2020-02-26/celine-dion-on-her-new-album-courage-and-how-she-chose-the-songs-for-her-spotify-singles/
Comedian Rhys Darby Answers the Universe’s Most Extra Terrestrial Questions in New Spotify Exclusive Podcast ‘Aliens Like Us’	FEBRUARY 26, 2020	https://newsroom.spotify.com/2020-02-26/comedian-rhys-darby-answers-the-universes-most-extra-terrestrial-questions-in-new-spotify-exclusive-podcast-aliens-like-us/
The Power of Anchor-Made Podcasts in Indonesia: Spotify Highlights Top Shows, Including ‘Do You See What I See’	FEBRUARY 26, 2020	https://newsroom.spotify.com/2020-02-26/the-power-of-anchor-made-podcasts-in-indonesia-spotify-highlights-top-shows-including-do-you-see-what-i-see/
From BTS to BLACKPINK, the Power of K-Pop Has No Bounds	FEBRUARY 24, 2020	https://newsroom.spotify.com/2020-02-24/from-bts-to-blackpink-the-power-of-k-pop-has-no-bounds/
What’s New This Week in Spotify Podcasts	FEBRUARY 21, 2020	https://newsroom.spotify.com/2020-02-21/whats-new-this-week-in-spotify-podcasts-2/
Spotify Refreshes Popular Playlist New Music Friday with Global Rebrand	FEBRUARY 21, 2020	https://newsroom.spotify.com/2020-02-21/spotify-refreshes-popular-playlist-new-music-friday-with-global-rebrand/
Get to Know the Finalists for the 2020 Spotify Awards	FEBRUARY 19, 2020	https://newsroom.spotify.com/2020-02-19/get-to-know-the-finalists-for-the-2020-spotify-awards/
Conoce a los finalistas de los Spotify Awards 2020	FEBRUARY 19, 2020	https://newsroom.spotify.com/2020-02-19/conoce-a-los-finalistas-de-los-spotify-awards-2020/
Spotify Amplifies Year-round Celebration of Black History with ‘Phenomenal Black Music’ Campaign	FEBRUARY 19, 2020	https://newsroom.spotify.com/2020-02-19/spotify-amplifies-year-round-celebration-of-black-history-with-phenomenal-black-music-campaign/
Unwrapping Wrapped 2019: Spotify VP of Engineering Tyson Singer Explains	FEBRUARY 18, 2020	https://newsroom.spotify.com/2020-02-18/unwrapping-wrapped-2019-spotify-vp-of-engineering-tyson-singer-explains/
3 Ways We’ve Changed the Podcast Show Page to Help You Find New Shows You’ll Love, Faster	FEBRUARY 18, 2020	https://newsroom.spotify.com/2020-02-18/3-ways-weve-changed-the-podcast-show-page-to-help-you-find-new-shows-youll-love-faster/
Spotify’s New London HQ Opens Doors with Performances from Dermot Kennedy and Joy Crookes	FEBRUARY 17, 2020	https://newsroom.spotify.com/2020-02-17/spotifys-new-london-hq-opens-doors-with-performances-from-dermot-kennedy-and-joy-crookes/
‘Last Podcast on the Left’—Now Exclusively, and Scarily, on Spotify	FEBRUARY 14, 2020	https://newsroom.spotify.com/2020-02-14/last-podcast-on-the-left-now-exclusively-and-scarily-on-spotify/
What’s New This Week in Spotify Podcasts	FEBRUARY 14, 2020	https://newsroom.spotify.com/2020-02-14/whats-new-this-week-in-spotify-podcasts/
Celebration Expert Darcy Miller Shares Her Tips and Songs For Valentine’s Day	FEBRUARY 14, 2020	https://newsroom.spotify.com/2020-02-14/celebration-expert-darcy-miller-shares-her-tips-and-songs-for-valentines-day/
Berlin Hip-Hop Duo Hoe__mies Creates Space for Marginalized Voices with New Podcast ‘Realitäter*innen’	FEBRUARY 13, 2020	https://newsroom.spotify.com/2020-02-13/berlin-hip-hop-duo-hoe__mies-creates-space-for-marginalized-voices-with-new-podcast-realitaterinnen/
Preview the New Spotify Original Podcast ‘The Last Degree of Kevin Bacon’	FEBRUARY 12, 2020	https://newsroom.spotify.com/2020-02-12/preview-the-new-spotify-original-podcast-the-last-degree-of-kevin-bacon/
Quiz: Can You Match the Songwriter to Their Work?	FEBRUARY 12, 2020	https://newsroom.spotify.com/2020-02-12/quiz-can-you-match-the-songwriter-to-their-work/
Here’s How to Play Spotify on Samsung’s Recently Unveiled Devices	FEBRUARY 11, 2020	https://newsroom.spotify.com/2020-02-11/heres-how-to-play-spotify-on-samsungs-recently-unveiled-devices/
Street Artist Shepard Fairey Shares the Music That Has Shaped His 50 Years of Inspiration	FEBRUARY 11, 2020	https://newsroom.spotify.com/2020-02-11/street-artist-shepard-fairey-shares-the-music-that-has-shaped-his-50-years-of-inspiration/
Spotify Reveals ‘Legendary’ Top Love Song Ahead of Valentine’s Day	FEBRUARY 11, 2020	https://newsroom.spotify.com/2020-02-11/spotify-reveals-legendary-top-love-song-ahead-of-valentines-day/
Spotify Reports Fourth Quarter and Full-Year 2019 Earnings	FEBRUARY 5, 2020	https://newsroom.spotify.com/2020-02-05/spotify-reports-fourth-quarter-and-full-year-2019-earnings/
How Spotify Spotlights Breaking Latin Talent	FEBRUARY 4, 2020	https://newsroom.spotify.com/2020-02-04/how-spotify-spotlights-breaking-latin-talent/
Cuatro podcasts en español que deberías escuchar ya	JANUARY 31, 2020	https://newsroom.spotify.com/2020-01-31/cuatro-podcasts-en-espanol-que-deberias-escuchar-ya/
Social Psychologist Amanda Vicary and Spotify Reveal Why Women Are So Obsessed with True Crime—And Share 4 New Podcasts Coming in 2020	JANUARY 29, 2020	https://newsroom.spotify.com/2020-01-29/social-psychologist-amanda-vicary-and-spotify-reveal-why-women-are-so-obsessed-with-true-crime-and-share-4-new-podcasts-coming-in-2020/
‘The Adam Carolla Show,’ ‘Ladygang,’ ‘expediTIously with T.I.,’ ‘Off the Vine with Kaitlyn Bristowe’ and All 300 of Your Favorite PodcastOne Shows are Coming to Spotify	JANUARY 29, 2020	https://newsroom.spotify.com/2020-01-29/300-of-your-favorite-podcastone-shows-are-coming-to-spotify/
Meet the Behind-the-Scenes Talent Behind 21 Savage’s Grammy-Nominated Album ‘I Am > I Was’	JANUARY 24, 2020	https://newsroom.spotify.com/2020-01-24/meet-the-behind-the-scenes-talent-behind-21-savages-grammy-nominated-album-i-am-i-was/
Spotify Fêtes Best New Artists at 2020 Celebration	JANUARY 24, 2020	https://newsroom.spotify.com/2020-01-24/spotify-fetes-best-new-artists-at-2020-celebration/
NFL Star Saquon Barkley Talks Football and His Top Sports Podcasts	JANUARY 23, 2020	https://newsroom.spotify.com/2020-01-23/nfl-star-saquon-barkley-talks-football-and-his-top-sports-podcasts/
El ícono del reggaetón J Balvin cuenta su historia en el nuevo podcast original de Spotify ‘Made in Medellín’	JANUARY 23, 2020	https://newsroom.spotify.com/2020-01-23/el-icono-del-reggaeton-j-balvin-cuenta-su-historia-en-el-nuevo-podcast-original-de-spotify-made-in-medellin/
Reggaetón Artist J Balvin Gets Personal in the New Spotify Original Podcast ‘Made in Medellín’	JANUARY 23, 2020	https://newsroom.spotify.com/2020-01-23/reggaeton-artist-j-balvin-gets-personal-in-the-new-spotify-original-podcast-made-in-medellin/
Welcoming Paul Vogel, Spotify’s New Chief Financial Officer	JANUARY 16, 2020	https://newsroom.spotify.com/2020-01-16/welcoming-paul-vogel-spotifys-new-chief-financial-officer/
Spotify Has the Pawfect Playlist for You And Your Pet	JANUARY 15, 2020	https://newsroom.spotify.com/2020-01-15/spotify-has-the-pawfect-playlist-for-you-and-your-pet/
CES 2020: Spotify Makes Noise with SAI Announcement, Ludacris Performance, and More	JANUARY 10, 2020	https://newsroom.spotify.com/2020-01-10/ces-2020-spotify-makes-noise-with-sai-announcement-ludacris-performance-and-more/
From the Illuminati to Yale’s Skull and Bones, Explore the World of Underground Organizations in Parcast’s New Podcast, ‘Secret Societies’	JANUARY 9, 2020	https://newsroom.spotify.com/2020-01-09/from-the-illuminati-to-yales-skull-and-bones-explore-the-world-of-underground-organizations-in-paracasts-new-podcast-secret-societies/
Spotify’s Head of Global Ads Business and Platform Jay Richman Talks New Spotify Podcast Ads	JANUARY 8, 2020	https://newsroom.spotify.com/2020-01-08/spotifys-head-of-global-ads-business-and-platform-jay-richman-talks-new-spotify-podcast-ads/
Celebrity Trainer and Fitness Podcast Host Don Saladino Spills His Favorite Workout Songs, Podcasts, and Tips	JANUARY 7, 2020	https://newsroom.spotify.com/2020-01-07/celebrity-trainer-and-fitness-podcast-host-don-saladino-spills-his-favorite-workout-songs-podcasts-and-tips/
Martha Debayle te cuenta todo sobre el embarazo en La Bienvenida	JANUARY 2, 2020	https://newsroom.spotify.com/2020-01-02/martha-debayle-te-cuenta-todo-sobre-el-embarazo-en-la-bienvenida/
These are Spotify’s Top Workout & Wellness Trends – Plus 2020 Predictions to Help Kick-Start Your Resolutions	DECEMBER 31, 2019	https://newsroom.spotify.com/2019-12-31/these-are-spotifys-top-workout-wellness-trends-plus-2020-predictions-to-help-kick-start-your-resolutions/
For the Record’s Top Stories of 2019	DECEMBER 23, 2019	https://newsroom.spotify.com/2019-12-23/for-the-records-top-stories-of-2019/
Los Cañonazos Bailables: Los clásicos de la rumba colombiana llegan a Spotify	DECEMBER 19, 2019	https://newsroom.spotify.com/2019-12-19/los-canonazos-bailables-los-clasicos-de-la-rumba-colombiana-llegan-a-spotify/
Spotify Listeners are Discovering Music from Around the World	DECEMBER 18, 2019	https://newsroom.spotify.com/2019-12-18/spotify-listeners-are-discovering-music-from-around-the-world/
Fans of Spotify True-Crime Podcast ‘Olöst’ Enjoy Special Invitation to Season Finale Live Listening Event	DECEMBER 18, 2019	https://newsroom.spotify.com/2019-12-18/fans-of-spotify-true-crime-podcast-olost-enjoy-special-invitation-to-season-finale-live-listening-event/
Apache 207, Juju, Summer Cem, and More Headline Live Modus Mio Concert	DECEMBER 17, 2019	https://newsroom.spotify.com/2019-12-17/apache-207-juju-summer-cem-and-more-headline-live-modus-mio-concert/
Spotify’s Biggest Playlist, Today’s Top Hits, Celebrates 25 Million Followers	DECEMBER 16, 2019	https://newsroom.spotify.com/2019-12-16/spotifys-biggest-playlist-todays-top-hits-celebrates-25-million-followers/
Revisit the Biggest Songs, Artists, and Cultural Moments of the Last 10 Years with Spotify’s ‘The Decade Wrapped’ Podcast	DECEMBER 16, 2019	https://newsroom.spotify.com/2019-12-16/revisit-the-biggest-songs-artists-and-cultural-moments-of-the-last-10-years-with-spotifys-the-decade-wrapped-podcast/
All Spotify Users in the U.S. Can Now Play Podcasts through Amazon Alexa	DECEMBER 13, 2019	https://newsroom.spotify.com/2019-12-13/all-spotify-users-in-the-u-s-can-now-play-podcasts-through-amazon-alexa/
From Humble Origins, German Rap Is Now a Dominant Commercial Force	DECEMBER 12, 2019	https://newsroom.spotify.com/2019-12-12/from-humble-origins-german-rap-is-now-a-dominant-commercial-force/
What Elsa from ‘Frozen 2,’ Eleven from ‘Stranger Things,’ and Lyra from ‘His Dark Materials’ Streamed on Spotify This Year	DECEMBER 12, 2019	https://newsroom.spotify.com/2019-12-12/what-elsa-from-frozen-eleven-from-stranger-things-and-lara-from-his-dark-materials-streamed-on-spotify-this-year/
Caribou’s Dan Snaith on New Music, Discovery, and Spotify’s Altar Playlist	DECEMBER 11, 2019	https://newsroom.spotify.com/2019-12-11/caribous-dan-snaith-on-new-music-discovery-and-spotifys-altar-playlist/
Sound Up UK Is Back to Help Bring Female Podcasters of Color to the Mic	DECEMBER 11, 2019	https://newsroom.spotify.com/2019-12-11/sound-up-uk-is-back-to-help-bring-female-podcasters-of-color-to-the-mic/
Didn’t Get Your Free Google Home Mini? Now’s Your Chance	DECEMBER 10, 2019	https://newsroom.spotify.com/2019-12-10/didnt-get-your-free-google-home-mini-nows-your-chance/
‘National Lampoon Radio Hour: The Podcast’ Comes to Spotify Ahead of 50th Anniversary	DECEMBER 10, 2019	https://newsroom.spotify.com/2019-12-10/national-lampoon-radio-hour-the-podcast-comes-to-spotify-ahead-of-50th-anniversary/
How American Hip-Hop Culture Inspired Today’s Breakout Saudi Rappers	DECEMBER 9, 2019	https://newsroom.spotify.com/2019-12-09/how-american-hip-hop-culture-inspired-todays-breakout-saudi-rappers/
Spotify Wrapped 2019 Reveals Your Streaming Trends, from 2010 to Now	DECEMBER 5, 2019	https://newsroom.spotify.com/2019-12-05/spotify-wrapped-2019-reveals-your-streaming-trends-from-2010-to-now/
The Top Songs, Artists, Playlists, and Podcasts of 2019—and the Last Decade	DECEMBER 3, 2019	https://newsroom.spotify.com/2019-12-03/the-top-songs-artists-playlists-and-podcasts-of-2019-and-the-last-decade/
6 Questions (and Answers) with Claudius Boller, Managing Director, Spotify Middle East and Africa	DECEMBER 2, 2019	https://newsroom.spotify.com/2019-12-02/6-questions-and-answers-with-claudius-boller-managing-director-spotify-middle-east-and-africa/
Equalizer Producer Camp Empowers Women, Non-Binary, and Trans Artists to Take Production Into Their Own Hands	NOVEMBER 27, 2019	https://newsroom.spotify.com/2019-11-27/equalizer-producer-camp-empowers-women-non-binary-and-trans-artists-to-take-production-into-their-own-hands/
Reflections on Angel Olsen and Spotify’s Interactive Audio Tour of ‘All Mirrors’	NOVEMBER 27, 2019	https://newsroom.spotify.com/2019-11-27/reflections-on-angel-olsen-and-spotifys-interactive-audio-tour-of-all-mirrors/
Spotify Celebrates Women in the Music Business in Australia	NOVEMBER 27, 2019	https://newsroom.spotify.com/2019-11-27/spotify-celebrates-women-in-the-music-biz-in-australia/
How Spotify Helped Cigarettes After Sex Amass an International Audience	NOVEMBER 25, 2019	https://newsroom.spotify.com/2019-11-25/how-spotify-helped-cigarettes-after-sex-amass-an-international-audience/
Liam Payne, Tori Kelly, Jose Mari Chan and More Record New Takes on Festive Favorites in Spotify Singles: Holiday Playlist	NOVEMBER 25, 2019	https://newsroom.spotify.com/2019-11-25/liam-payne-tori-kelly-jose-mari-chan-and-more-record-new-takes-on-festive-favorites-in-spotify-singles-holiday-playlist/
Mariah Carey Says: Christmas. Starts. Now.	NOVEMBER 21, 2019	https://newsroom.spotify.com/2019-11-21/mariah-carey-says-christmas-starts-now/
4 New Partnerships Bringing Spotify Premium Across the Globe	NOVEMBER 21, 2019	https://newsroom.spotify.com/2019-11-21/4-new-partnerships-bringing-spotify-premium-across-the-globe/
Whether You’re Spending Thanksgiving Near or Far, Spotify Has a Playlist to Help Make the Day Extra Special	NOVEMBER 21, 2019	https://newsroom.spotify.com/2019-11-21/whether-youre-spending-thanksgiving-near-or-far-spotify-has-a-playlist-to-help-make-the-day-extra-special/
Save the Date for the First Ever Spotify Awards in Mexico City	NOVEMBER 21, 2019	https://newsroom.spotify.com/2019-11-21/save-the-date-for-the-first-ever-spotify-awards-in-mexico-city/
Reserva la fecha para los primeros Spotify Awards en la Ciudad de México	NOVEMBER 21, 2019	https://newsroom.spotify.com/2019-11-21/reserva-la-fecha-para-el-primer-spotify-awards-en-la-ciudad-de-mexico/
Spotify Free Users: You Can Now Stream Music on Amazon Alexa, Sonos, and Bose Speakers	NOVEMBER 20, 2019	https://newsroom.spotify.com/2019-11-20/spotify-free-users-you-can-now-stream-music-on-amazon-alexa-sonos-and-bose-speakers/
Your Daily Podcasts Playlist Makes Finding Your Next Favorite Show Easier Than Ever	NOVEMBER 19, 2019	https://newsroom.spotify.com/2019-11-19/your-daily-podcasts-playlist-makes-finding-your-next-favorite-show-easier-than-ever/
Holiday Magic (And Music) Comes to Life in ‘Let It Snow’ Exclusive Spotify Playlists	NOVEMBER 18, 2019	https://newsroom.spotify.com/2019-11-18/holiday-magic-and-music-comes-to-life-in-let-it-snow-exclusive-spotify-playlists/
Give Everyone on Your List the Gift of Spotify	NOVEMBER 18, 2019	https://newsroom.spotify.com/2019-11-18/give-everyone-on-your-list-the-gift-of-spotify/
Stream Your Favorite TV and Movie Anime Songs with Spotify’s New Japanese Anime Hub	NOVEMBER 14, 2019	https://newsroom.spotify.com/2019-11-14/stream-your-favorite-tv-and-movie-anime-songs-with-spotifys-new-japanese-anime-hub/
Spotify and Procter & Gamble Dive into Bias in Music with “Harmonize” Original Podcast	NOVEMBER 14, 2019	https://newsroom.spotify.com/2019-11-14/spotify-and-procter-gamble-dive-into-bias-in-music-with-harmonize-original-podcast/
How the Story Pirates Team Uses Kids’ Imaginations to Create Audio Magic	NOVEMBER 14, 2019	https://newsroom.spotify.com/2019-11-14/how-the-story-pirates-team-uses-kids-imaginations-to-create-audio-magic/
Egyptian Star Amr Diab Sings for the Whole World	NOVEMBER 12, 2019	https://newsroom.spotify.com/2019-11-12/egyptian-star-amr-diab-sings-for-the-whole-world/
Lucio Battisti: A Legend in Ten Songs	NOVEMBER 11, 2019	https://newsroom.spotify.com/2019-11-11/lucio-battisti-a-legend-in-ten-songs/
Spotify Returns to BBC Music Introducing Live 2019 As Official Partner	NOVEMBER 1, 2019	https://newsroom.spotify.com/2019-11-01/spotify-returns-to-bbc-music-introducing-live-2019-as-official-partner/
A Look Inside Madonna’s R&B-Influenced Sixth Album, ‘Bedtime Stories’	OCTOBER 30, 2019	https://newsroom.spotify.com/2019-10-30/a-look-inside-madonnas-rb-influenced-sixth-album-bedtime-stories/
Introducing Spotify Kids, A New Standalone App for the Next Generation of Listeners	OCTOBER 30, 2019	https://newsroom.spotify.com/2019-10-30/introducing-spotify-kids-a-new-standalone-app-for-the-next-generation-of-listeners/
Spotify and Country Music Icon Reba McEntire Announce New Podcast Launching in Early 2020	OCTOBER 29, 2019	https://newsroom.spotify.com/2019-10-29/spotify-and-country-music-icon-reba-mcentire-announce-new-podcast-launching-in-early-2020/
Scary is Nothing to Be Afraid of at Spotify’s Artist-Inspired NYC Costume Pop Up	OCTOBER 29, 2019	https://newsroom.spotify.com/2019-10-29/scary-is-nothing-to-be-afraid-of-at-spotifys-artist-inspired-nyc-costume-pop-up/
The First-Ever Halloween Podcast Playlist Creeps onto Spotify	OCTOBER 28, 2019	https://newsroom.spotify.com/2019-10-28/the-first-ever-halloween-podcast-playlist-creeps-onto-spotify/
Spotify Reports Third Quarter 2019 Earnings	OCTOBER 28, 2019	https://newsroom.spotify.com/2019-10-28/spotify-reports-third-quarter-2019-earnings/
Music Brings Elio and Oliver Together in Andre Aciman’s ‘Call Me By Your Name’ Sequel, ‘Find Me’	OCTOBER 24, 2019	https://newsroom.spotify.com/2019-10-24/music-brings-elio-and-oliver-together-in-andre-acimans-call-me-by-your-name-sequel-find-me/
6 Questions (and Answers) with Tony Jebara, VP of Machine Learning	OCTOBER 24, 2019	https://newsroom.spotify.com/2019-10-24/6-questions-and-answers-with-tony-jebara-vp-of-machine-learning/
Brand New Music for You	OCTOBER 24, 2019	https://newsroom.spotify.com/2019-10-24/brand-new-music-for-you/
Spotifiers Channel Innovation and Passion at Our Annual Hack Week	OCTOBER 23, 2019	https://newsroom.spotify.com/2019-10-23/spotifiers-channel-innovation-and-passion-at-our-annual-hack-week/
Discover a Decades-Old Murder in ‘Fausto,’ the First True Crime Spotify Original Podcast for Mexico and Latin America	OCTOBER 22, 2019	https://newsroom.spotify.com/2019-10-22/discover-a-decades-old-murder-in-fausto-the-first-true-crime-spotify-original-podcast-for-mexico-and-latin-america/
Descubre la historia de un asesinato múltiple en Fausto, el primer podcast original de Spotify sobre crímenes reales en México y Latinoamérica	OCTOBER 22, 2019	https://newsroom.spotify.com/2019-10-22/descubre-la-historia-de-un-asesinato-multiple-en-fausto-el-primer-podcast-original-de-spotify-sobre-crimenes-reales-en-mexico-y-latinoamerica/
Spotify Premium User? You Can Get a Free Google Home Mini—Whether You Signed Up Last Year or Just Now	OCTOBER 22, 2019	https://newsroom.spotify.com/2019-10-22/spotify-premium-user-you-can-get-a-free-google-home-mini-whether-you-signed-up-last-year-or-just-now/
Let Your Imagination Run Wild with Spotify’s First Original French Fictional Podcast Thriller, ‘L’Employé’	OCTOBER 21, 2019	https://newsroom.spotify.com/2019-10-21/let-your-imagination-run-wild-with-spotifys-first-original-french-fictional-podcast-thriller-lemploye/
OneRepublic, F.HERO, Stray Kids, and More Wow Crowds at Spotify On Stage Bangkok	OCTOBER 17, 2019	https://newsroom.spotify.com/2019-10-17/onerepublic-f-hero-stray-kids-and-more-wow-crowds-at-spotify-on-stage-bangkok/
Santiago de Chile: la capital del streaming de reggaetón de Spotify	OCTOBER 16, 2019	https://newsroom.spotify.com/2019-10-16/santiago-la-capital-del-streaming-de-reggaeton-de-spotify/
Santiago, Chile: Spotify’s Streaming Capital of Reggaetón	OCTOBER 16, 2019	https://newsroom.spotify.com/2019-10-16/santiago-spotifys-streaming-capital-of-reggaeton/
New Podcast ‘Certified Buckets’ Takes Basketball Off the Court and Onto Spotify	OCTOBER 15, 2019	https://newsroom.spotify.com/2019-10-15/new-podcast-certified-buckets-takes-basketball-off-the-court-and-onto-spotify/
Meet Tones and I, the Australian Ex-Busker Who Achieved a Global Hit Thanks to Streaming	OCTOBER 15, 2019	https://newsroom.spotify.com/2019-10-15/meet-tones-and-i-the-australian-ex-busker-who-achieved-a-global-hit-thanks-to-streaming/
VICE News Brings Three Original Podcasts to Spotify	OCTOBER 10, 2019	https://newsroom.spotify.com/2019-10-10/vice-news-brings-three-original-podcasts-to-spotify/
Spotify Recognizes Workplace Well-Being on World Mental Health Day	OCTOBER 10, 2019	https://newsroom.spotify.com/2019-10-10/spotify-recognizes-workplace-well-being-on-world-mental-health-day/
Daily Drive Launches in Germany	OCTOBER 8, 2019	https://newsroom.spotify.com/2019-10-08/daily-drive-launches-in-germany/
Rich Brian, (G)I-DLE, ATEEZ, and More Delighted Thousands of Fans Live at Spotify On Stage Jakarta	OCTOBER 7, 2019	https://newsroom.spotify.com/2019-10-07/rich-brian-gi-dle-ateez-and-more-delighted-thousands-of-fans-live-at-spotify-on-stage-jakarta/
6 New Ways to Stream Spotify from Your Smart Devices	OCTOBER 7, 2019	https://newsroom.spotify.com/2019-10-07/6-new-ways-to-stream-spotify-from-your-smart-devices/
How to Filter Out Explicit Songs on Spotify in a Few Quick Steps	OCTOBER 4, 2019	https://newsroom.spotify.com/2019-10-04/how-to-filter-out-explicit-songs-on-spotify-in-a-few-quick-steps/
La Banda MS lleva su sonido a públicos internacionales	OCTOBER 3, 2019	https://newsroom.spotify.com/2019-10-03/la-banda-ms-lleva-su-sonido-a-publicos-internacionales/
Banda MS Brings Their Regional Mexican Sound to International Audiences	OCTOBER 3, 2019	https://newsroom.spotify.com/2019-10-03/banda-ms-brings-their-regional-mexican-sound-to-international-audiences/
5 Questions (and Answers) with Mounia Lalmas-Roelleke, Head of Tech Research for Personalization at Spotify	OCTOBER 3, 2019	https://newsroom.spotify.com/2019-10-03/5-questions-and-answers-with-mounia-lalmas-roelleke-head-of-tech-research-for-personalization-at-spotify/
Charting the Meteoric Rise of South Africa’s AmaPiano	OCTOBER 2, 2019	https://newsroom.spotify.com/2019-10-02/charting-the-meteoric-rise-of-south-africas-amapiano/
First Tracks Drop from Escuta as Minas, Spotify’s Brazil-Based Recording Studio for Female Artists	OCTOBER 2, 2019	https://newsroom.spotify.com/2019-10-02/first-tracks-drop-from-escuta-as-minas-spotifys-brazil-based-recording-studio-for-female-artists/
How to Make Your Own Podcast Playlists	SEPTEMBER 30, 2019	https://newsroom.spotify.com/2019-09-30/how-to-make-your-own-podcast-playlists/
6 Questions (and Answers) with Michael Krause, Managing Director, Spotify Central Europe	SEPTEMBER 26, 2019	https://newsroom.spotify.com/2019-09-26/6-questions-and-answers-with-michael-krause-managing-director-spotify-central-europe/
New Season of World-Renowned Therapist Esther Perel’s ‘Where Should We Begin?’ Podcast to Launch on Spotify	SEPTEMBER 26, 2019	https://newsroom.spotify.com/2019-09-26/new-season-of-world-renowned-therapist-esther-perels-where-should-we-begin-podcast-to-launch-on-spotify/
Spotify Celebrates Australian and New Zealand Hip-Hop with A1 Live	SEPTEMBER 25, 2019	https://newsroom.spotify.com/2019-09-25/spotify-celebrates-australian-and-new-zealand-hip-hop-with-a1-live/
Spotify and Midland Launch New Original Podcast	SEPTEMBER 25, 2019	https://newsroom.spotify.com/2019-09-25/spotify-and-midland-launch-new-original-podcast/
How Música Urbana is Redrawing Spain’s Musical Map	SEPTEMBER 25, 2019	https://newsroom.spotify.com/2019-09-25/how-musica-urbana-is-redrawing-spains-musical-map/
Introducing Two New Personalized Playlists: On Repeat and Repeat Rewind	SEPTEMBER 24, 2019	https://newsroom.spotify.com/2019-09-24/introducing-two-new-personalized-playlists-on-repeat-and-repeat-rewind/
How Counting Crows’ Sleeper Debut Album Helped Define a New Era of ‘90s Rock	SEPTEMBER 18, 2019	https://newsroom.spotify.com/2019-09-18/how-counting-crows-sleeper-debut-album-helped-define-a-new-era-of-90s-rock/
Spotify Cultivates Female Podcasters of Color with Sound Up’s Return	SEPTEMBER 17, 2019	https://newsroom.spotify.com/2019-09-17/spotify-cultivates-female-podcasters-of-color-with-sound-ups-return/
El Trascendente y Vivaz legado de Soda Stereo y Gustavo Cerati	SEPTEMBER 16, 2019	https://newsroom.spotify.com/2019-09-16/el-trascendente-y-vivaz-legado-de-soda-stereo-y-gustavo-cerati/
The Transcendent and Vivacious Legacy of Soda Stereo’s Gustavo Cerati	SEPTEMBER 16, 2019	https://newsroom.spotify.com/2019-09-16/the-transcendent-and-vivacious-legacy-of-soda-stereos-gustavo-cerati/
6 Frequently Asked Questions About Spotify’s Bug Bounty Program	SEPTEMBER 13, 2019	https://newsroom.spotify.com/2019-09-13/6-frequently-asked-questions-about-spotifys-bug-bounty-program/
Spotify Announces Acquisition of Global Audio Services Marketplace SoundBetter	SEPTEMBER 12, 2019	https://newsroom.spotify.com/2019-09-12/spotify-announces-acquisition-of-global-audio-services-marketplace-soundbetter/
Designer Anna Sui Explains Her Unique Connection to Music—And Musicians	SEPTEMBER 10, 2019	https://newsroom.spotify.com/2019-09-10/designer-anna-sui-explains-her-unique-connection-to-music-and-musicians/
The Ringer Launches New Spotify Original Podcast, ‘The Hottest Take’	SEPTEMBER 10, 2019	https://newsroom.spotify.com/2019-09-10/the-ringer-launches-new-spotify-original-podcast-the-hottest-take/
Ken Burns ‘COUNTRY MUSIC’ Enhanced Playlist Experience Comes to Spotify	SEPTEMBER 10, 2019	https://newsroom.spotify.com/2019-09-10/ken-burns-country-music-enhanced-playlist-experience-comes-to-spotify/
Entrepreneur and Designer Rebecca Minkoff Finds Inspiration in Female Creators—and Works to Inspire Others in Return	SEPTEMBER 9, 2019	https://newsroom.spotify.com/2019-09-09/entrepreneur-and-designer-rebecca-minkoff-finds-inspiration-in-female-creators-and-works-to-inspire-others-in-return/
Natalie Off Duty’s Natalie Lim Suarez Reflects on a World of Music	SEPTEMBER 9, 2019	https://newsroom.spotify.com/2019-09-09/natalie-off-dutys-natalie-lim-suarez-reflects-on-a-world-of-music/
Photographer Sophie Elgort Talks Music’s Supporting Role, On Set and at Home	SEPTEMBER 9, 2019	https://newsroom.spotify.com/2019-09-09/photographer-sophie-elgort-talks-musics-supporting-role-on-set-and-at-home/
Share What You’re Listening to on Spotify with Snapchat	SEPTEMBER 9, 2019	https://newsroom.spotify.com/2019-09-09/share-what-youre-listening-to-on-spotify-with-snapchat/
9 Ways to Use Spotify to Ace Your Way Back to School	SEPTEMBER 6, 2019	https://newsroom.spotify.com/2019-09-06/9-ways-to-use-spotify-to-ace-your-way-back-to-school/
Meet Rich Brian, the Indonesian Rapper Performing at Spotify On Stage Jakarta	SEPTEMBER 5, 2019	https://newsroom.spotify.com/2019-09-05/meet-rich-brian-the-indonesian-rapper-performing-at-spotify-on-stage-jakarta/
Spotify Premium Duo Plan Now Available for Spotify Listeners in 14 More Countries	SEPTEMBER 4, 2019	https://newsroom.spotify.com/2019-09-04/spotify-premium-duo-plan-now-available-for-spotify-listeners-in-14-more-countries/
Six Months of Data Shows India’s Increasing Appetite for Streaming	SEPTEMBER 3, 2019	https://newsroom.spotify.com/2019-09-03/six-months-of-streaming-data-shows-indias-increasing-appetite-for-streaming/
Gimlet and The Wall Street Journal Launch New Podcast, ‘The Journal.’	SEPTEMBER 3, 2019	https://newsroom.spotify.com/2019-09-03/gimlet-and-the-wall-street-journal-launch-new-podcast-the-journal/
Spotify and Parcast Are Reading the Stars to Bring You ‘Horoscope Today’	SEPTEMBER 3, 2019	https://newsroom.spotify.com/2019-09-03/spotify-and-parcast-are-reading-the-stars-to-bring-you-horoscope-today/
Fierce Country Women in Charge of Their Destiny—Twenty Years of Dixie Chicks’ ‘Fly’	AUGUST 30, 2019	https://newsroom.spotify.com/2019-08-30/fierce-country-women-in-charge-of-their-destiny-twenty-years-of-dixie-chicks-fly/
Songs to Stream on the Ultimate U.S. Summer Road Trip	AUGUST 28, 2019	https://newsroom.spotify.com/2019-08-28/songs-to-stream-on-the-ultimate-u-s-summer-road-trip/
Spotify’s Most Streamed Songs of Summer 2019	AUGUST 27, 2019	https://newsroom.spotify.com/2019-08-27/spotifys-most-streamed-songs-of-summer-2019/
How to Listen to Spotify in the Car	AUGUST 26, 2019	https://newsroom.spotify.com/2019-08-26/how-to-listen-to-spotify-in-the-car/
Lukas Graham Becomes First Danish Artist to Hit 1 Billion Streams for a Single Song	AUGUST 23, 2019	https://newsroom.spotify.com/2019-08-23/lukas-graham-becomes-first-danish-artist-to-hit-1-billion-streams-for-a-single-song/
5 Ways to Take Control of Your Streaming with Spotify Premium	AUGUST 22, 2019	https://newsroom.spotify.com/2019-08-22/5-ways-to-take-control-of-your-streaming-with-spotify-premium/
Spotify Stages Overnight Concert for Fans at Japan’s Summer Sonic Festival	AUGUST 21, 2019	https://newsroom.spotify.com/2019-08-21/spotify-stages-overnight-concert-for-fans-at-japans-summer-sonic-festival/
Spotify Launches Daily News Podcast El Primer Café with Colombia’s El Tiempo Newspaper	AUGUST 20, 2019	https://newsroom.spotify.com/2019-08-20/spotify-launches-daily-news-podcast-el-primer-cafe-with-colombias-el-tiempo-newspaper/
Spotify lanza el podcast diario de noticias El Primer Café con el periódico El Tiempo en Colombia	AUGUST 20, 2019	https://newsroom.spotify.com/2019-08-20/spotify-lanza-el-podcast-diario-de-noticias-el-primer-cafe-con-el-periodico-el-tiempo-en-colombia/
Upgraded Spotify Premium Family Plan: Value the Entire Household Will Love	AUGUST 19, 2019	https://newsroom.spotify.com/2019-08-19/upgraded-spotify-premium-family-plan-value-the-entire-household-will-love/
Spotify’s Equalizer Project Raises the Volume at Way Out West	AUGUST 14, 2019	https://newsroom.spotify.com/2019-08-14/spotifys-equalizer-project-raises-the-volume-at-way-out-west/
Introducing: Spotify for Podcasters	AUGUST 13, 2019	https://newsroom.spotify.com/2019-08-13/introducing-spotify-for-podcasters/
Spotify Listeners Can’t Help Falling (and Staying) In Love with Elvis	AUGUST 13, 2019	https://newsroom.spotify.com/2019-08-13/spotify-listeners-cant-help-falling-and-staying-in-love-with-elvis/
Indigenous Australian Rapper Briggs Shares Message of Triumph through Music	AUGUST 8, 2019	https://newsroom.spotify.com/2019-08-08/indigenous-australian-rapper-briggs-shares-message-of-triumph-through-music/
10 Albums That Prove the Summer of ’69 Was a Hot One for Music	AUGUST 8, 2019	https://newsroom.spotify.com/2019-08-08/10-albums-that-prove-the-summer-of-69-was-a-hot-one-for-music/
Spotify’s Front Left Live Returns to Australia for a Second Year, Celebrating the Best Genre-Defying New Music	AUGUST 6, 2019	https://newsroom.spotify.com/2019-08-06/spotifys-front-left-live-returns-to-australia-for-a-second-year-celebrating-the-best-genre-defying-new-music/
5 Fast Facts About AT&T and Spotify Premium’s New Collaboration	AUGUST 5, 2019	https://newsroom.spotify.com/2019-08-05/5-fast-facts-about-att-and-spotify-premiums-new-collaboration/
Heavy Metal Is Still Making Noise, and Wacken, Germany, Is the Epicenter	JULY 31, 2019	https://newsroom.spotify.com/2019-07-31/heavy-metal-is-still-making-noise-and-wacken-germany-is-the-epicenter/
Spotify Reports Second Quarter 2019 Earnings	JULY 31, 2019	https://newsroom.spotify.com/2019-07-31/spotify-reports-second-quarter-2019-earnings/
Black Mirror’s Ashley O is on Spotify—and Her Streams Have Surpassed Fiction	JULY 30, 2019	https://newsroom.spotify.com/2019-07-30/black-mirrors-ashley-o-is-on-spotify-and-her-streams-have-surpassed-fiction/
Spotify Flagship Playlist ¡Viva Latino! Hits 10 Million Followers	JULY 26, 2019	https://newsroom.spotify.com/2019-07-26/spotify-flagship-playlist-viva-latino-hits-10-million-followers/
Spotify Hands the Mic to German LGBTTIQ* Podcasters in Audio Workshop	JULY 26, 2019	https://newsroom.spotify.com/2019-07-26/spotify-hands-the-mic-to-german-lgbttiq-podcasters-in-audio-workshop/
Eight Incredible Music Moments in Quentin Tarantino Films	JULY 25, 2019	https://newsroom.spotify.com/2019-07-25/eight-incredible-music-moments-in-quentin-tarantino-films/
6 Questions (And Answers) with Mia Nygren, Managing Director, Spotify Latin America	JULY 23, 2019	https://newsroom.spotify.com/2019-07-23/6-questions-and-answers-with-mia-nygren-managing-director-spotify-latin-america/
Rappers Issam, Shayfeen, and More Are Growing Trap’s Moroccan Roots	JULY 22, 2019	https://newsroom.spotify.com/2019-07-22/rappers-issam-shayfeen-and-more-are-growing-traps-moroccan-roots/
Keep the Beat Going for Baby with Spotify Across Samsung Devices	JULY 18, 2019	https://newsroom.spotify.com/2019-07-18/keep-the-beat-going-for-baby-with-spotify-across-samsung-devices/
Sing Along to Your Favorite Tunes on Spotify’s New Disney Hub	JULY 17, 2019	https://newsroom.spotify.com/2019-07-17/sing-along-to-your-favorite-tunes-on-spotifys-new-disney-hub/
¡Viva Latino! Live Miami Adds Rosalía, Sebastian Yatra, and Sech to Lineup	JULY 16, 2019	https://newsroom.spotify.com/2019-07-16/viva-latino-live-miami-adds-rosalia-sebastian-yatra-and-sech-to-lineup/
TV Personality Charlotte Roche and Husband Hash Out Relationship in New Spotify Podcast	JULY 16, 2019	https://newsroom.spotify.com/2019-07-16/tv-personality-charlotte-roche-and-husband-hash-out-relationship-in-new-spotify-podcast/
Blastoff Songs to Celebrate the 50th Anniversary of the Apollo 11 Moon Landing	JULY 15, 2019	https://newsroom.spotify.com/2019-07-15/blastoff-songs-to-celebrate-the-50th-anniversary-of-the-apollo-11-moon-landing/
Fashion Icon Cynthia Rowley and Kit Keenan Discuss Mother-Daughter Podcast	JULY 11, 2019	https://newsroom.spotify.com/2019-07-11/fashion-icon-cynthia-rowley-and-kit-keenan-discuss-mother-daughter-podcast/
New True Crime Podcast Chronicles Woman’s Exploration of Dad’s Dark Past	JULY 11, 2019	https://newsroom.spotify.com/2019-07-11/new-true-crime-podcast-chronicles-womans-exploration-of-dads-dark-past/
“I Like Girls That Wear Abercrombie & Fitch”—Remembering LFO’s Hit Song 20 Years On	JULY 10, 2019	https://newsroom.spotify.com/2019-07-10/i-like-girls-that-wear-abercrombie-fitch-remembering-lfos-hit-song-20-years-on/
Yacht Rock: How the Smooth Sounds of the ’70s and ’80s Became a Genuine Genre	JULY 9, 2019	https://newsroom.spotify.com/2019-07-09/yacht-rock-how-the-smooth-sounds-of-the-70s-and-80s-became-a-genuine-genre/
Introducing Spotify Lite	JULY 9, 2019	https://newsroom.spotify.com/2019-07-09/introducing-spotify-lite/
Jonas Brothers: From Teen Pop to the Top 40 Charts	JULY 8, 2019	https://newsroom.spotify.com/2019-07-08/jonas-brothers-from-teen-pop-to-the-top-40-charts/
Spotify House of Are & Be Highlights Black Women in R&B and Podcasts	JULY 5, 2019	https://newsroom.spotify.com/2019-07-05/spotify-house-of-are-be-highlights-black-women-in-rb-and-podcasts/
Los 50 de Jenni Brings New Look at the Life of Latin Music Legend Jenni Rivera	JULY 2, 2019	https://newsroom.spotify.com/2019-07-02/los-50-de-jenni-brings-new-look-at-the-life-of-latin-music-legend-jenni-rivera/
Catching Up with Bazzi after Spotify’s Songs of Summer Soiree	JULY 1, 2019	https://newsroom.spotify.com/2019-07-01/catching-up-with-bazzi-after-spotifys-songs-of-summer-soiree/
The Upside Down of Stranger Things Streaming with Actor Finn Wolfhard	JULY 1, 2019	https://newsroom.spotify.com/2019-07-01/the-upside-down-of-stranger-things-streaming-with-actor-finn-wolfhard/
Spotify and Funny or Die Announce New Original Scripted Podcast, ‘I’m Gonna Be Kevin Bacon’	JUNE 28, 2019	https://newsroom.spotify.com/2019-06-28/spotify-and-funny-or-die-announce-new-original-scripted-podcast-im-gonna-be-kevin-bacon/
Spotify Spotlights the Wildly Popular Pinoy Rock Scene in New Video Series	JUNE 27, 2019	https://newsroom.spotify.com/2019-06-27/spotify-spotlights-the-wildly-popular-pinoy-rock-scene-in-new-video-series/
Spotify Launches Original Podcast ‘The Conversation with Amanda de Cadenet’	JUNE 27, 2019	https://newsroom.spotify.com/2019-06-27/spotify-launches-original-podcast-the-conversation-with-amanda-de-cadenet/
Spotify presenta un podcast original sobre cultura geek: NRDWARE	JUNE 25, 2019	https://newsroom.spotify.com/2019-06-25/spotify-presenta-un-podcast-orginal-sobre-cultura-geek-nrdware/
How Well Do You Know the Spotify Songs of Summer? Take Our Nostalgia Quiz	JUNE 25, 2019	https://newsroom.spotify.com/2019-06-25/how-well-do-you-know-the-spotify-songs-of-summer-take-our-nostalgia-quiz/
Guns N’ Roses Bassist Duff McKagan Sings a Message of Hope	JUNE 24, 2019	https://newsroom.spotify.com/2019-06-24/guns-n-roses-bassist-duff-mckagan-sings-a-message-of-hope/
Legend of French Singer-Songwriter Serge Gainsbourg Looms Large on Spotify	JUNE 24, 2019	https://newsroom.spotify.com/2019-06-24/legend-of-french-singer-songwriter-serge-gainsbourg-looms-large-on-spotify/
Astrologer Chani Nicholas Is Back with Horoscopes that Celebrate Pride	JUNE 21, 2019	https://newsroom.spotify.com/2019-06-21/astrologer-chani-nicholas-is-back-with-horoscopes-that-celebrate-pride/
Anitta and Spotify Light Up Miami with Festa Kisses Fan Experience	JUNE 21, 2019	https://newsroom.spotify.com/2019-06-21/anitta-and-spotify-light-up-miami-with-festa-kisses-fan-experience/
Midsummer Means Classic Swedish Music and Lots of Tomas Ledin	JUNE 21, 2019	https://newsroom.spotify.com/2019-06-21/midsummer-means-classic-swedish-music-and-lots-of-tomas-ledin/
On the Ground at Cannes Lions with DJ, Author, and Entrepreneur Hannah Bronfman	JUNE 20, 2019	https://newsroom.spotify.com/2019-06-20/on-the-ground-at-cannes-lions-with-dj-author-and-entrepreneur-hannah-bronfman/
Fans Couldn’t Wait for Vampire Weekend’s Father of the Bride—And Their Streams Show It	JUNE 19, 2019	https://newsroom.spotify.com/2019-06-19/fans-couldnt-wait-for-vampire-weekends-father-of-the-bride-and-their-streams-show-it/
Los Piojos, legendaria banda de rock argentino, compartió su discografía completa en Spotify	JUNE 19, 2019	https://newsroom.spotify.com/2019-06-19/los-piojos-legendaria-banda-de-rock-argentino-compartio-su-discografia-completa-en-spotify/
Ciara Takes the Stage at Spotify and Hulu’s Cannes Kickoff Celebration	JUNE 18, 2019	https://newsroom.spotify.com/2019-06-18/ciara-takes-the-stage-at-spotify-and-hulus-cannes-kickoff-celebration/
Why We’re Joining the Libra Association	JUNE 18, 2019	https://newsroom.spotify.com/2019-06-18/why-were-joining-the-libra-association/
Spotify’s Presence at Cannes Lions Showcases What’s Next in Culture and Audio	JUNE 17, 2019	https://newsroom.spotify.com/2019-06-17/spotifys-presence-at-cannes-lions-showcases-whats-next-in-culture-and-audio/
FX’s POSE Cast Shares Their Pride Month Anthems and Spotify Playlists	JUNE 17, 2019	https://newsroom.spotify.com/2019-06-17/fxs-pose-cast-shares-their-pride-month-anthems-and-spotify-playlists/
Swedish R&B Star Cherrie Releases New Spotify Singles with Fans as Backup	JUNE 14, 2019	https://newsroom.spotify.com/2019-06-14/swedish-rb-star-cherrie-releases-new-spotify-singles-with-fans-as-backup/
All About A Cappella: The Who, the Why, and the Puns	JUNE 13, 2019	https://newsroom.spotify.com/2019-06-13/all-about-a-cappella-the-who-the-why-and-the-puns/
A Guide to Kids’ Music Made by Grown-up Stars	JUNE 13, 2019	https://newsroom.spotify.com/2019-06-13/a-guide-to-kids-music-made-by-grown-up-stars/
Spotify’s ‘Your Library’ Refresh: What You Need to Know	JUNE 13, 2019	https://newsroom.spotify.com/2019-06-13/spotifys-your-library-refresh-what-you-need-to-know/
Spotify’s 2019 Summer Song Predictions	JUNE 12, 2019	https://newsroom.spotify.com/2019-06-12/spotifys-2019-summer-song-predictions/
Your Daily Drive: Music and News That’ll Brighten Your Commute	JUNE 12, 2019	https://newsroom.spotify.com/2019-06-12/your-daily-drive-music-and-news-thatll-brighten-your-commute/
Fashion Force Elaine Welteroth Says You’re ‘More Than Enough’	JUNE 11, 2019	https://newsroom.spotify.com/2019-06-11/fashion-force-elaine-welteroth-says-youre-more-than-enough/
Spotify Celebrates the Best of Country Music at CMA Fest 2019	JUNE 11, 2019	https://newsroom.spotify.com/2019-06-11/spotify-celebrates-the-best-of-country-music-at-cma-fest-2019/
¡Viva Latino! Live Miami Assembles Stellar Line-up with Bad Bunny, Nicky Jam and Others	JUNE 10, 2019	https://newsroom.spotify.com/2019-06-10/viva-latino-live-miami-assembles-stellar-line-up-with-bad-bunny-nicky-jam-and-others/
Broadway’s Broadening Appeal	JUNE 10, 2019	https://newsroom.spotify.com/2019-06-10/broadways-broadening-appeal/
Higher Ground Announces Partnership with Spotify to Produce Podcasts	JUNE 6, 2019	https://newsroom.spotify.com/2019-06-06/higher-ground-announces-partnership-with-spotify-to-produce-podcasts/
10 Anchor Tools To Help You Make a Great Podcast	JUNE 4, 2019	https://newsroom.spotify.com/2019-06-04/10-anchor-tools-to-help-you-make-a-great-podcast/
Everything You Wanted to Know About Gen Z (But Were Afraid to Ask)	JUNE 3, 2019	https://newsroom.spotify.com/2019-06-03/everything-you-wanted-to-know-about-gen-z-but-were-afraid-to-ask/
Superstar DJs Spin in Sin City, Amp Up Their Streams	JUNE 3, 2019	https://newsroom.spotify.com/2019-06-03/superstar-djs-spin-in-sin-city-amp-up-their-streams/
A Day In the Life, Based on The Playlists You Listen To	MAY 30, 2019	https://newsroom.spotify.com/2019-05-30/a-day-in-the-life-based-on-the-playlists-you-listen-to/
This Quiz Can Help You Decide Which Playlist to Listen to Based on How You’re Feeling	MAY 30, 2019	https://newsroom.spotify.com/2019-05-30/mood-quiz/
Celebrate the Diverse Voices of the Asian Diaspora	MAY 29, 2019	https://newsroom.spotify.com/2019-05-29/celebrate-the-diverse-voices-of-the-asian-diaspora/
Así es como el trap se mezcló con los corridos: el género fusión que se está conquistando México	MAY 29, 2019	https://newsroom.spotify.com/2019-05-29/asi-es-como-el-trap-se-mezclo-con-los-corridos-el-genero-fusion-que-se-esta-conquistando-mexico/
How Trap Met Corrido: The Fusion Genre Taking Over Mexico	MAY 29, 2019	https://newsroom.spotify.com/2019-05-29/how-trap-met-corrido-the-fusion-genre-taking-over-mexico/
Everything You Wanted to Know about Podcasts But Were Afraid to Ask	MAY 28, 2019	https://newsroom.spotify.com/2019-05-28/everything-you-wanted-to-know-about-podcasts-but-were-afraid-to-ask/
How Americana Troubadour Garrett T. Capps Went Worldwide	MAY 28, 2019	https://newsroom.spotify.com/2019-05-28/how-americana-troubadour-garrett-t-capps-went-worldwide/
Sir Elton John Shines on Spotify and in New “Rocketman” Biopic	MAY 28, 2019	https://newsroom.spotify.com/2019-05-28/sir-elton-john-shines-on-spotify-and-in-new-rocketman-biopic/
How to Download and Listen to Music and Podcasts — Offline and On the Go	MAY 24, 2019	https://newsroom.spotify.com/2019-05-24/how-to-download-and-listen-to-music-and-podcasts-offline-and-on-the-go/
El artista viral mexicano que hace que valga la pena llorar por su música	MAY 23, 2019	https://newsroom.spotify.com/2019-05-23/el-artista-viral-mexicano-que-hace-que-valga-la-pena-llorar-por-su-musica/
The Viral Mexican Artist Making Music Worth Crying Over	MAY 23, 2019	https://newsroom.spotify.com/2019-05-23/the-viral-mexican-artist-making-music-worth-crying-over/
How Pshycotic Beats’ “Killer Shangri-Lah” Went From A Twin Peaks Playlist to TV’s Hottest Psychodrama	MAY 22, 2019	https://newsroom.spotify.com/2019-05-22/how-pshycotic-beats-killer-shangri-lah-went-from-a-twin-peaks-playlist-to-tvs-hottest-psychodrama/
Spotify House Brings Together The Hottest Lineup at Nashville’s CMA Fest 2019	MAY 22, 2019	https://newsroom.spotify.com/2019-05-22/spotify-house-brings-together-the-hottest-lineup-at-nashvilles-cma-fest-2019/
From Tony Bennett to Tyla Yaweh, Here Are the Artists 18- to 24-Year-Olds are Discovering	MAY 20, 2019	https://newsroom.spotify.com/2019-05-20/from-tony-bennett-to-tyla-yaweh-here-are-the-artists-18-to-24-year-olds-are-discovering/
5 Things to Know about Spotify’s Latest Test	MAY 17, 2019	https://newsroom.spotify.com/2019-05-17/5-things-to-know-about-spotifys-latest-test/
‘Eurovision’ Winners Past and Future, As Told by Your Streams	MAY 17, 2019	https://newsroom.spotify.com/2019-05-17/eurovision-winners-past-and-future-as-told-by-your-streams/
Soundtrap for Storytellers Helps Podcasters Take Their Shows to the Next Level	MAY 14, 2019	https://newsroom.spotify.com/2019-05-14/soundtrap-for-storytellers-helps-podcasters-take-their-shows-to-the-next-level/
Charting the Onstage Evolution of The Rolling Stones	MAY 13, 2019	https://newsroom.spotify.com/2019-05-13/charting-the-onstage-evolution-of-the-rolling-stones/
5 Questions (And Answers) with Gautam Talwar, Managing Director, Spotify Southeast Asia	MAY 10, 2019	https://newsroom.spotify.com/2019-05-10/5-questions-and-answers-with-gautam-talwar-managing-director-spotify-southeast-asia/
Ed Sheeran and Justin Bieber Release New Joint Single ‘I Don’t Care’	MAY 10, 2019	https://newsroom.spotify.com/2019-05-10/ed-sheeran-and-justin-bieber-release-new-joint-single-i-dont-care/
Sten Garmark, Spotify’s VP of Product, Unpacks Our Ubiquity Strategy	MAY 9, 2019	https://newsroom.spotify.com/2019-05-09/sten-garmark-spotifys-vp-of-product-unpacks-our-ubiquity-strategy/
5 Ramadan-Inspired Playlists to Stream This Month	MAY 9, 2019	https://newsroom.spotify.com/2019-05-09/5-ramadan-inspired-playlists-to-stream-this-month/
Add These Top-Streamed Moms to Your Mother’s Day Playlist	MAY 7, 2019	https://newsroom.spotify.com/2019-05-07/add-these-top-streamed-moms-to-your-mothers-day-playlist/
Five Ways to Make Your Discover Weekly Playlists Even More Personalized	MAY 2, 2019	https://newsroom.spotify.com/2019-05-02/five-ways-to-make-your-discover-weekly-playlists-even-more-personalized/
Why *NSYNC’s ‘It’s Gonna Be Me’ Spikes Every April 30	APRIL 30, 2019	https://newsroom.spotify.com/2019-04-30/why-nsyncs-its-gonna-be-me-spikes-every-april-30/
Spotify Celebrates 100 Million Premium Subscribers	APRIL 29, 2019	https://newsroom.spotify.com/2019-04-29/spotify-celebrates-100-million-premium-subscribers/
Spotify Reports First Quarter 2019 Earnings	APRIL 29, 2019	https://newsroom.spotify.com/2019-04-29/spotify-reports-first-quarter-2019-earnings/
Soothing Sounds for Spot: How Streaming Can Help Your Dog Relax	APRIL 25, 2019	https://newsroom.spotify.com/2019-04-25/soothing-sounds-for-spot-how-streaming-can-help-your-dog-relax/
With ‘Black Panther’ and ‘Captain Marvel,’ Superhero Movie Concept Albums Take Flight	APRIL 23, 2019	https://newsroom.spotify.com/2019-04-23/with-black-panther-and-captain-marvel-superhero-movie-concept-albums-take-flight/
The Wave of London Musicians Making Jazz Their Own	APRIL 22, 2019	https://newsroom.spotify.com/2019-04-22/the-wave-of-london-musicians-making-jazz-their-own/
Chef David Burtka Talks about Matching the Playlist and Menu to Elevate Any Occasion	APRIL 22, 2019	https://newsroom.spotify.com/2019-04-22/chef-david-burtka-talks-about-matching-the-playlist-and-menu-to-elevate-any-occasion/
7 Artists and Creators to Stream During Arab Heritage Month—and Year Round	APRIL 19, 2019	https://newsroom.spotify.com/2019-04-19/7-artists-and-creators-to-stream-during-arab-heritage-month-and-year-round/
5 Podcasts Sobre Bienestar para Inspirar la Mejor Versión de Tí Mismo	APRIL 18, 2019	https://newsroom.spotify.com/2019-04-18/5-podcasts-sobre-bienestar-para-inspirar-la-mejor-version-de-ti-mismo/
Stream the Songs That Motivate TIME’s Most Influential People of 2019	APRIL 17, 2019	https://newsroom.spotify.com/2019-04-17/stream-the-songs-that-motivate-times-most-influential-people-of-2019/
German Star Palina Rojinski Riffs on Podcast Interviews with Her Celebrity Friends	APRIL 17, 2019	https://newsroom.spotify.com/2019-04-17/german-star-palina-rojinski-riffs-on-podcast-interviews-with-her-celebrity-friends/
Meet the Talented Tech Minds Building Spotify in London	APRIL 17, 2019	https://newsroom.spotify.com/2019-04-17/meet-the-talented-tech-minds-building-spotify-in-london/
Meet the Aussie Rock Revolution’s Next Wave	APRIL 11, 2019	https://newsroom.spotify.com/2019-04-11/meet-the-aussie-rock-revolutions-next-wave/
Friends and Family Share Avicii’s Unreleased Music with Fans	APRIL 10, 2019	https://newsroom.spotify.com/2019-04-10/friends-and-family-share-aviciis-unreleased-music-with-fans/
How Will ‘Game of Thrones’ End? Stream the Creators’ New Playlist to Find Out	APRIL 9, 2019	https://newsroom.spotify.com/2019-04-09/how-will-game-of-thrones-end-stream-the-creators-new-playlist-to-find-out/
Spotify Celebrates Japan’s Emerging Artists with Early Noise Concert in Tokyo	APRIL 5, 2019	https://newsroom.spotify.com/2019-04-05/spotify-celebrates-japans-emerging-artists-with-early-noise-concert-in-tokyo/
Composer Hans Zimmer Talks Music’s Starring Role in Movies	APRIL 3, 2019	https://newsroom.spotify.com/2019-04-03/composer-hans-zimmer-talks-musics-starring-role-in-movies/
Looking Back on a Year of For the Record	APRIL 2, 2019	https://newsroom.spotify.com/2019-04-02/looking-back-on-a-year-of-for-the-record/
Spotify’s RapCaviar Pantheon Unveils New Class of Honorees with Cardi B, Jaden Smith, Gunna, and Juice WRLD	APRIL 2, 2019	https://newsroom.spotify.com/2019-04-02/spotifys-rapcaviar-pantheon-unveils-new-class-of-honorees-with-cardi-b-jaden-smith-gunna-and-juice-wrld/
How Fans of ‘Be More Chill’ Streamed the Show to Broadway	APRIL 1, 2019	https://newsroom.spotify.com/2019-04-01/how-fans-of-be-more-chill-streamed-the-show-to-broadway/
Spotify Studios Announces ‘Noisemakers’ in Partnership with TIME’S UP	MARCH 29, 2019	https://newsroom.spotify.com/2019-03-29/spotify-studios-announces-noisemakers-in-partnership-with-times-up/
Billie Eilish’s Dark Debut Album Comes to Life Inside Spotify’s New Interactive Experience	MARCH 29, 2019	https://newsroom.spotify.com/2019-03-29/billie-eilishs-dark-debut-album-comes-to-life-inside-spotifys-new-interactive-experience/
Celebrate Piano Day with Lang Lang, George Winston, and Others	MARCH 29, 2019	https://newsroom.spotify.com/2019-03-29/celebrate-piano-day-with-lang-lang-george-winston-and-others/
Spotify Celebrates Latinas in Music	MARCH 28, 2019	https://newsroom.spotify.com/2019-03-28/spotify-celebrates-latinas-in-music/
The OPM Ballads of the Philippines Will Make You Get Up and Sing	MARCH 27, 2019	https://newsroom.spotify.com/2019-03-27/the-opm-ballads-of-the-philippines-will-make-you-get-up-and-sing/
5 Fast Facts about Spotify’s Acquisition of Parcast	MARCH 26, 2019	https://newsroom.spotify.com/2019-03-26/5-fast-facts-about-spotifys-acquisition-of-parcast/
The Foundation of The Lego Movies’ Hit Songs? Catchy Music’s Building Blocks	MARCH 22, 2019	https://newsroom.spotify.com/2019-03-22/the-foundation-of-the-lego-movies-hit-songs-catchy-musics-building-blocks/
How to Find the Perfect Playlist for Your Coffee Break Vibe	MARCH 20, 2019	https://newsroom.spotify.com/2019-03-20/how-to-find-the-perfect-playlist-for-your-coffee-break-vibe/
Poet Tyler Knott Gregson Explores His Creative Process – from Haiku to Song	MARCH 19, 2019	https://newsroom.spotify.com/2019-03-19/poet-tyler-knott-gregson-explores-the-his-creative-process-from-haiku-to-song/
Benjamin Ingrosso Takes Lionel Richie’s “All Night Long” to the Club in New Spotify Singles	MARCH 18, 2019	https://newsroom.spotify.com/2019-03-18/benjamin-ingrosso-takes-lionel-richies-all-night-long-to-the-club-in-new-spotify-singles/
Stream the Top Tracks of St. Patrick’s Day in Ireland	MARCH 15, 2019	https://newsroom.spotify.com/2019-03-15/stream-the-top-tracks-of-st-patricks-day-in-ireland/
Consumers and Innovators Win on a Level Playing Field	MARCH 13, 2019	https://newsroom.spotify.com/2019-03-13/consumers-and-innovators-win-on-a-level-playing-field/
Enjoy Your Favorite Hulu Shows—and the Music Behind Them—On Us with a Spotify Premium Membership	MARCH 12, 2019	https://newsroom.spotify.com/2019-03-12/enjoy-your-favorite-hulu-shows-and-the-music-behind-them-on-us-with-a-spotify-premium-membership/
Pop Star Robyn Empowers Girls in Tech at First International Tekla Festival	MARCH 11, 2019	https://newsroom.spotify.com/2019-03-11/pop-star-robyn-empowers-girls-in-tech-at-first-international-tekla-festival/
Spotify’s EQL Residents and Ivy Queen Celebrate International Women’s Day with Reimagined ‘Quiero Bailar’	MARCH 8, 2019	https://newsroom.spotify.com/2019-03-08/spotifys-eql-residents-and-ivy-queen-celebrate-international-womens-day-with-reimagined-quiero-bailar/
5 Fast Facts About Spotify and Samsung’s Partnership Expansion	MARCH 8, 2019	https://newsroom.spotify.com/2019-03-08/5-fast-facts-about-spotify-and-samsungs-partnership-expansion/
Behind the Scenes on Roma’s Double Soundtrack	MARCH 7, 2019	https://newsroom.spotify.com/2019-03-07/behind-the-scenes-on-romas-double-soundtrack/
The Top Music from Spotify’s First Week in India	MARCH 6, 2019	https://newsroom.spotify.com/2019-03-06/the-top-music-from-spotifys-first-week-in-india/
Metro Boomin and Gunna To Headline Spotify’s RapCaviar Live	MARCH 5, 2019	https://newsroom.spotify.com/2019-03-05/metro-boomin-and-gunna-to-headline-spotifys-rapcaviar-live/
Cultura Profética trae un sonido soul a las grabaciones de Spotify Singles	MARCH 5, 2019	https://newsroom.spotify.com/2019-03-05/cultura-profetica-trae-un-sonido-soul-a-las-grabaciones-de-spotify-singles/
Cultura Profética Brings New Soul to Spotify Singles Recordings	MARCH 5, 2019	https://newsroom.spotify.com/2019-03-05/cultura-profetica-brings-new-soul-to-spotify-singles-recordings/
Equalizer Project Opens Opportunities for Women in the Nordic Music Industry	MARCH 4, 2019	https://newsroom.spotify.com/2019-03-04/equalizer-project-opens-opportunities-for-women-in-the-nordic-music-industry/
Stream the Music of Mardi Gras As if You’re on Bourbon Street	MARCH 1, 2019	https://newsroom.spotify.com/2019-03-01/stream-the-music-of-mardi-gras-as-if-youre-on-bourbon-street/
The Story of Iconic Punk Rockers The Clash Comes to Spotify	FEBRUARY 28, 2019	https://newsroom.spotify.com/2019-02-28/the-story-of-iconic-punk-rockers-the-clash-comes-to-spotify/
4 Questions (And Answers) with Amarjit Batra, Managing Director, Spotify India	FEBRUARY 26, 2019	https://newsroom.spotify.com/2019-02-26/4-questions-and-answers-with-amarjit-batra-managing-director-spotify-india/
Spotify Launches in India	FEBRUARY 26, 2019	https://newsroom.spotify.com/2019-02-26/spotify-launches-in-india/
Spotify Celebrates African American Culture with Music Merch Giveaway	FEBRUARY 26, 2019	https://newsroom.spotify.com/2019-02-26/spotify-celebrates-african-american-culture-with-music-merch-giveaway/
Which Movies’ Music Strikes More of a Chord?	FEBRUARY 22, 2019	https://newsroom.spotify.com/2019-02-22/which-movies-music-strikes-more-of-a-chord/
Nadia Dies. Nadia Lives. ‘Gotta Get Up’ Plays. Users Repeat.	FEBRUARY 21, 2019	https://newsroom.spotify.com/2019-02-21/nadia-dies-nadia-lives-gotta-get-up-plays-users-repeat/
Spotify’s Freeform ‘Unconference’ Gatherings Bring Big Ideas into Sharp Focus	FEBRUARY 20, 2019	https://newsroom.spotify.com/2019-02-20/spotifys-freeform-unconference-gatherings-bring-big-ideas-into-sharp-focus/
Get Your Fill of Guided Meditation, Audiobooks, Short Stories, and Poetry on Spotify	FEBRUARY 19, 2019	https://newsroom.spotify.com/2019-02-19/get-your-fill-of-guided-meditation-audiobooks-short-stories-and-poetry-on-spotify/
Our Streaming Data Suggests Who Might Take Home a 2019 BRIT Award	FEBRUARY 15, 2019	https://newsroom.spotify.com/2019-02-15/our-streaming-data-suggests-who-might-take-home-a-2019-brit-award/
Celebrate Self-Love with a Playlist All For You This Valentine’s Day	FEBRUARY 14, 2019	https://newsroom.spotify.com/2019-02-14/celebrate-self-love-with-a-playlist-all-for-you-this-valentines-day/
Why the Boy Band Phenomenon Lives On	FEBRUARY 13, 2019	https://newsroom.spotify.com/2019-02-13/why-the-boy-band-phenomenon-lives-on/
Gynning and Berg Now Exclusively on Spotify	FEBRUARY 12, 2019	https://newsroom.spotify.com/2019-02-12/gynning-and-berg-now-exclusively-on-spotify/
Spotify Rock Stars Answer Your Questions	FEBRUARY 11, 2019	https://newsroom.spotify.com/2019-02-11/spotify-rock-stars-answer-your-questions/
Spotify Celebrates the Best New Artists	FEBRUARY 8, 2019	https://newsroom.spotify.com/2019-02-08/spotify-celebrates-the-best-new-artists/
Spotify Reports Q4 and Full-Year 2018 Earnings	FEBRUARY 6, 2019	https://newsroom.spotify.com/2019-02-06/spotify-reports-q4-and-full-year-2018-earnings/
Audio-First	FEBRUARY 6, 2019	https://newsroom.spotify.com/2019-02-06/audio-first/
Avatar Pop Stars Take Center Stage	FEBRUARY 4, 2019	https://newsroom.spotify.com/2019-02-04/avatar-pop-stars-take-centerstage/
Spotify Celebrates New Cosmic Playlists with Readings from Guest Astrologer	FEBRUARY 1, 2019	https://newsroom.spotify.com/2019-02-01/spotify-celebrates-new-cosmic-playlists-with-readings-from-guest-astrologer/
The Sounds of the Slopes, from Big Sky to Chamonix	JANUARY 30, 2019	https://newsroom.spotify.com/2019-01-30/the-sounds-of-the-slopes-from-big-sky-to-chamonix/
Spotify’s Hot Country Live Presents Florida Georgia Line	JANUARY 29, 2019	https://newsroom.spotify.com/2019-01-29/spotifys-hot-country-live-presents-florida-georgia-line/
Why Dolly Parton’s Star Power Works 24-7, Not Just 9 to 5	JANUARY 25, 2019	https://newsroom.spotify.com/2019-01-25/why-dolly-partons-star-power-works-24-7-not-just-9-to-5/
Shoegaze: The ’90s Rock Genre Once Again Gains Ground	JANUARY 24, 2019	https://newsroom.spotify.com/2019-01-24/shoegaze-the-90s-rock-genre-once-again-gains-ground/
Pop Star Pabllo Vittar Gives Voice to Brazil’s LGBTQ Community	JANUARY 23, 2019	https://newsroom.spotify.com/2019-01-23/pop-star-pabllo-vittar-gives-voice-to-brazils-lgbtq-community/
ASMR’s Soft Sounds Are Making Noise on Spotify	JANUARY 22, 2019	https://newsroom.spotify.com/2019-01-22/asmrs-soft-sounds-are-making-noise-on-spotify/
Astrologer Chani Nicholas Shares How Music Matches Your Horoscope	JANUARY 17, 2019	https://newsroom.spotify.com/2019-01-17/astrologer-chani-nicholas-shares-how-music-matches-your-horoscope/
The Perfect Podcasts to Help You Stay On Track This New Year	JANUARY 16, 2019	https://newsroom.spotify.com/2019-01-16/the-perfect-podcasts-to-help-you-stay-on-track-this-new-year/
Bollywood Breaks Ground on Spotify with Arrival of T-Series Catalogue	JANUARY 16, 2019	https://newsroom.spotify.com/2019-01-16/bollywood-breaks-ground-on-spotify-with-arrival-of-t-series-catalogue/
Five Ways Music Can Help You Keep the Kids Entertained this Winter	JANUARY 15, 2019	https://newsroom.spotify.com/2019-01-15/five-ways-music-can-help-you-keep-the-kids-entertained-this-winter/
Thanks to a Meme, 2018 Was the Year of “Africa”	JANUARY 14, 2019	https://newsroom.spotify.com/2019-01-14/thanks-to-a-meme-2018-was-the-year-of-africa/
The Rhythm of the African Diaspora Plays Everywhere—Including Our Afro Hub	JANUARY 10, 2019	https://newsroom.spotify.com/2019-01-10/the-rhythm-of-the-african-diaspora-plays-everywhere-including-our-afro-hub/
Spotify Supper Chef Kristen Kish Dishes on the Complementary Balance of Food and Music	JANUARY 9, 2019	https://newsroom.spotify.com/2019-01-09/spotify-supper-chef-kristen-kish-dishes-on-the-complementary-balance-of-food-and-music/
Jemele Hill is Unbothered	JANUARY 8, 2019	https://newsroom.spotify.com/2019-01-08/jemele-hill-is-unbothered-in-her-new-spotify-podcast/
Culture: Now Streaming, Live from CES	JANUARY 8, 2019	https://newsroom.spotify.com/2019-01-08/culture-now-streaming-live-from-ces/
Queen Will, Queen Will, Rock You (and Your Kids, and Their Kids …)	JANUARY 3, 2019	https://newsroom.spotify.com/2019-01-03/queen-will-queen-will-rock-you-and-your-kids-and-their-kids/
To Our Listeners Around the World	JANUARY 1, 2019	https://newsroom.spotify.com/2019-01-01/to-our-listeners-around-the-world/
Keep Your Fitness Resolution with the World’s Top Workout Music	DECEMBER 31, 2018	https://newsroom.spotify.com/2018-12-31/keep-your-fitness-resolution-with-the-worlds-top-workout-music/
Here’s Where Your Favorite Artists Toured the Most in 2018	DECEMBER 28, 2018	https://newsroom.spotify.com/2018-12-28/heres-where-your-favorite-artists-toured-the-most-in-2018/
Spotify Partners With Little Green Number to Upcycle Trash Into Treasure	DECEMBER 26, 2018	https://newsroom.spotify.com/2018-12-26/spotify-partners-with-little-green-number-to-upcycle-trash-into-treasure/
Sound Up Bootcamp UK Amplifies Diverse Women’s Voices	DECEMBER 21, 2018	https://newsroom.spotify.com/2018-12-21/sound-up-bootcamp-uk-amplifies-diverse-womens-voices/
Songs to Stream on the Solstice	DECEMBER 20, 2018	https://newsroom.spotify.com/2018-12-20/songs-to-stream-on-the-solstice/
Amplifying Women’s Voices in the Music Business	DECEMBER 20, 2018	https://newsroom.spotify.com/2018-12-20/amplifying-womens-voices-in-the-music-business/
8 Popular Christmas Songs That Have Nothing to Do With Christmas	DECEMBER 19, 2018	https://newsroom.spotify.com/2018-12-19/8-popular-christmas-songs-that-have-nothing-to-do-with-christmas/
Why Mariah Carey’s ‘All I Want for Christmas is You’ is Streamed More Than Any Other Holiday Song	DECEMBER 18, 2018	https://newsroom.spotify.com/2018-12-18/why-mariah-careys-all-i-want-for-christmas-is-you-is-streamed-more-than-any-other-holiday-song/
5 Tips for Crafting the Perfect Holiday Party Playlist	DECEMBER 17, 2018	https://newsroom.spotify.com/2018-12-17/5-tips-for-crafting-the-perfect-holiday-party-playlist/
Redescubrimos los relatos clásicos para una nueva generación con Ven Con Un Cuento	DECEMBER 17, 2018	https://newsroom.spotify.com/2018-12-17/redescubrimos-los-relatos-clasicos-para-una-nueva-generacion-con-ven-con-un-cuento/
The Music of Mary Poppins Returns is Already Soaring	DECEMBER 17, 2018	https://newsroom.spotify.com/2018-12-17/the-music-of-mary-poppins-returns-is-already-soaring/
How to Set Up Spotify on Your Google Home	DECEMBER 14, 2018	https://newsroom.spotify.com/2018-12-14/how-to-set-up-spotify-on-your-google-home-mini/
How to Set Up Spotify on Your Amazon Alexa-Enabled Device	DECEMBER 14, 2018	https://newsroom.spotify.com/2018-12-14/how-to-set-up-spotify-on-your-amazon-alexa-enabled-device/
Toasting Spotify Wrapped 2018 at Our Influencer Lunch	DECEMBER 14, 2018	https://newsroom.spotify.com/2018-12-14/toasting-spotify-wrapped-2018-at-our-influencer-lunch/
Celebramos el Crecimiento y la Evolución del Sonido del Trap con Trapperz	DECEMBER 14, 2018	https://newsroom.spotify.com/2018-12-14/celebramos-el-crecimiento-y-la-evolucion-del-sonido-del-trap-con-trapperz/
Celebrate the Ever-Growing, Ever-Evolving Sound of Trap with Trapperz	DECEMBER 14, 2018	https://newsroom.spotify.com/2018-12-14/celebrate-the-ever-growing-ever-evolving-sound-of-trap-with-trapperz/
Girls Make Beats and Spotify Inspire Young Women to Find Their Voices	DECEMBER 13, 2018	https://newsroom.spotify.com/2018-12-13/girls-make-beats-and-spotify-inspire-young-women-to-find-their-voices/
Composer Carter Burwell Reflects on the Vital Role of Film Music	DECEMBER 12, 2018	https://newsroom.spotify.com/2018-12-12/composer-carter-burwell-reflects-on-the-vital-role-of-film-music/
10 Iconic Albums From 1998 We’re Still Playing	DECEMBER 11, 2018	https://newsroom.spotify.com/2018-12-11/10-iconic-albums-from-1998-were-still-playing/
Exploring Spotify’s Creative Content Partnership With Ellen DeGeneres	DECEMBER 10, 2018	https://newsroom.spotify.com/2018-12-10/exploring-spotifys-creative-content-partnership-with-ellen-degeneres/
Explore the Secrets of Video Game Music in New Podcast From Spotify and The Game Awards	DECEMBER 6, 2018	https://newsroom.spotify.com/2018-12-06/explore-the-secrets-of-video-game-music-in-new-podcast-from-spotify-and-the-game-awards/
Relive Your Year in Music With Spotify Wrapped 2018	DECEMBER 6, 2018	https://newsroom.spotify.com/2018-12-06/relive-your-year-in-music-with-spotify-wrapped-2018/
The Top Songs, Artists, Playlists, and Podcasts of 2018	DECEMBER 4, 2018	https://newsroom.spotify.com/2018-12-04/the-top-songs-artists-playlists-and-podcasts-of-2018/
Every Trap at Once: Ten Years in Rap Trends	DECEMBER 3, 2018	https://newsroom.spotify.com/2018-12-03/every-trap-at-once-ten-years-in-rap-trends/
Kodcentrum and Spotify Make Coding Cool for Kids in Sweden	NOVEMBER 30, 2018	https://newsroom.spotify.com/2018-11-30/kodcentrum-and-spotify-make-coding-cool-for-kids-in-sweden/
Travel Delays, Snowed In, or Stuck at Your In-Laws? We’ve Got a Podcast for That	NOVEMBER 29, 2018	https://newsroom.spotify.com/2018-11-29/travel-delays-snowed-in-or-stuck-at-your-in-laws-weve-got-a-podcast-for-that/
Step Inside Spotify’s Colorful and Creative Stockholm HQ	NOVEMBER 28, 2018	https://newsroom.spotify.com/2018-11-28/step-inside-spotifys-colorful-and-creative-stockholm-hq/
Colter Wall Honors His Western Roots on Songs of the Plains	NOVEMBER 27, 2018	https://newsroom.spotify.com/2018-11-27/colter-wall-honors-his-western-roots-on-songs-of-the-plains/
The Sounds of UNICEF’s Giving Tuesday Snowflake Ball	NOVEMBER 27, 2018	https://newsroom.spotify.com/2018-11-27/the-sounds-of-unicefs-giving-tuesday-snowflake-ball/
The Saturday Night Sensation of Earth, Wind & Fire’s ‘September’	NOVEMBER 23, 2018	https://newsroom.spotify.com/2018-11-23/the-saturday-night-sensation-of-earth-wind-fires-september/
‘Das allerletzte Interview’: Mörderische Spannung in der Podcast-Fortsetzung	NOVEMBER 22, 2018	https://newsroom.spotify.com/2018-11-22/das-allerletzte-interview-morderische-spannung-in-der-podcast-fortsetzung/
Experience The Beatles’ White Album Like Never Before With Spotify’s Enhanced Album Playlist	NOVEMBER 21, 2018	https://newsroom.spotify.com/2018-11-21/experience-the-beatles-white-album-like-never-before-with-spotifys-enhanced-album-playlist/
The Spotify Holiday Gift Guide Is Here	NOVEMBER 21, 2018	https://newsroom.spotify.com/2018-11-21/the-spotify-holiday-gift-guide-is-here/
How Anime Has Helped Japanese Music Go Global	NOVEMBER 20, 2018	https://newsroom.spotify.com/2018-11-20/big-in-japan-how-anime-has-helped-japanese-music-go-global/
Mexico City Is Now the World’s Music-Streaming Mecca	NOVEMBER 19, 2018	https://newsroom.spotify.com/2018-11-19/mexico-city-is-now-the-worlds-music-streaming-mecca/
‘Bells Will Be Ringing’: It’s Christmas Singles Time	NOVEMBER 19, 2018	https://newsroom.spotify.com/2018-11-19/bells-will-be-ringing-its-christmas-singles-time/
Quincy Jones, Ali Tamposi, Murda Beatz and Tank God Win Top Honors at Spotify’s Secret Genius Awards in Los Angeles	NOVEMBER 17, 2018	https://newsroom.spotify.com/2018-11-17/quincy-jones-ali-tamposi-murda-beatz-and-tank-god-win-top-honors-at-spotifys-secret-genius-awards-in-los-angeles/
EQL Resident Roundtable: Meet the Women Behind the Mixers	NOVEMBER 15, 2018	https://newsroom.spotify.com/2018-11-15/eql-resident-roundtable-meet-the-women-behind-the-mixers/
Mabrook! Spotify is Deepening Our Commitment to Arab Culture Around the Globe	NOVEMBER 14, 2018	https://newsroom.spotify.com/2018-11-14/mabrook-spotify-is-deepening-our-commitment-to-arab-culture-around-the-globe/
Who Will Win the Latin Grammy Awards? Here’s What Our Streaming Data Says	NOVEMBER 14, 2018	https://newsroom.spotify.com/2018-11-14/who-will-win-the-latin-grammy-awards-heres-what-our-streaming-data-says/
Spotify and SoundGirls Launch ‘EQL Directory’, a Global Database for Women in Audio and Music Production	NOVEMBER 13, 2018	https://newsroom.spotify.com/2018-11-13/spotify-and-soundgirls-launch-eql-directory-a-global-database-for-women-in-audio-and-music-production/
Spotify for Apple Watch Helps You Keep Time With the Music	NOVEMBER 13, 2018	https://newsroom.spotify.com/2018-11-13/spotify-for-apple-watch-helps-you-keep-time-with-the-music/
5 Inspirational Podcasts That Will Give You The Feels On World Kindness Day	NOVEMBER 13, 2018	https://newsroom.spotify.com/2018-11-13/5-inspirational-podcasts-that-will-give-you-the-feels-on-world-kindness-day/
Fika Isn’t Just a Phenomenon, It’s Our Daily Pause	NOVEMBER 12, 2018	https://newsroom.spotify.com/2018-11-12/more-than-coffee-talk-fika-isnt-just-a-phenomenon-its-our-daily-pause/
Soul Music and Sirens: The Story Behind the Wu-Tang Clan’s ‘36 Chambers’	NOVEMBER 9, 2018	https://newsroom.spotify.com/2018-11-09/soul-music-and-sirens-the-story-behind-the-wu-tang-clans-36-chambers/
Bebe Rexha, Ty Dolla Sign, Becky G, Daniel Caesar, Jacob Collier and More To Perform at Spotify’s Secret Genius Awards	NOVEMBER 8, 2018	https://newsroom.spotify.com/2018-11-08/bebe-rexha-ty-dolla-sign-becky-g-daniel-caesar-jacob-collier-and-more-to-perform-at-spotifys-secret-genius-awards/
Spotify’s “Turkey Timer” Matches Just the Right Playlist to Your Bird	NOVEMBER 8, 2018	https://newsroom.spotify.com/2018-11-08/spotifys-turkey-timer-matches-just-the-right-playlist-to-your-bird/
Introducing Spotify Publishing Analytics in Beta	NOVEMBER 8, 2018	https://newsroom.spotify.com/2018-11-08/introducing-spotify-publishing-analytics-in-beta/
He’s With the Fans: Jordan Gremli and Fans First Bring Artists Closer to their Audiences	NOVEMBER 7, 2018	https://newsroom.spotify.com/2018-11-07/hes-with-the-fans-jordan-gremli-and-fans-first-bring-artists-closer-to-their-audiences/
Sam and Moa Had Never Met, But Spotify’s Soundtrap Helped Them Create Something Awesome	NOVEMBER 6, 2018	https://newsroom.spotify.com/2018-11-06/sam-and-moa-had-never-met-but-spotifys-soundtrap-helped-them-create-something-awesome/
Is It Too Early for Christmas Music?	NOVEMBER 5, 2018	https://newsroom.spotify.com/2018-11-05/is-it-too-early-for-christmas-music-2/
Our Spotify Cheat Sheet: 4 Ways to Find Your Next Favorite Song	NOVEMBER 2, 2018	https://newsroom.spotify.com/2018-11-02/our-spotify-cheat-sheet-4-ways-to-find-your-next-favorite-song/
Interviewing the Interviewer: Guy Raz on His New Spotify Podcast Series	NOVEMBER 1, 2018	https://newsroom.spotify.com/2018-11-01/interviewing-the-interviewer-guy-raz-on-his-new-spotify-podcast-series/
Spotify Reports Third Quarter 2018 Earnings	NOVEMBER 1, 2018	https://newsroom.spotify.com/2018-11-01/spotify-reports-third-quarter-2018-earnings/
Best. Advice. Ever. Mary J. Blige, Rick Ross, and Others Share What Keeps Them Going	OCTOBER 31, 2018	https://newsroom.spotify.com/2018-10-31/best-advice-ever-mary-j-blige-rick-ross-and-others-share-what-keeps-them-going/
After 15 Years, ‘Wicked’ Continues to ‘Defy Gravity’	OCTOBER 31, 2018	https://newsroom.spotify.com/2018-10-31/after-15-years-wicked-continues-to-defy-gravity/
Spotify Premium for Family Gets a New Family Member—A Google Home Mini	OCTOBER 31, 2018	https://newsroom.spotify.com/2018-10-31/spotify-premium-for-family-gets-a-new-family-membera-google-home-mini/
Rosalía’s Flamenco-Inspired Sound Is Rooted in Tradition, but Fearlessly New	OCTOBER 30, 2018	https://newsroom.spotify.com/2018-10-30/rosalias-flamenco-inspired-sound-is-rooted-in-tradition-but-fearlessly-new/
Watch Stretch and Bobbito Discuss Their Journey From Radio to Podcast	OCTOBER 30, 2018	https://newsroom.spotify.com/2018-10-30/watch-stretch-and-bobbito-discuss-their-journey-from-radio-to-podcast/
